value,checked_as,source,status,sentence
"4,064","All of Us matched cases, Table 1 N row",results/ms/table1_demographics.csv,asserted,Cases (4064 hospitalized within 14 days of COVID-19 diagnosis or positive test) were matched 1:4 to controls on encounter-density proxies.
"15,856","All of Us matched controls, Table 1 N row",results/ms/table1_demographics.csv,asserted,RESULTS Participant characteristics Our cohort comprised 4064 hospitalized cases and 15856 matched controls (Figure 1).
"139,468","MarketScan matched cases, Table 1 N row",results/ms/table1_demographics.csv,asserted,"Cross-cohort clinical-model comparison In the MarketScan cohort (N = 693682 matched observations; 139468 cases; Table 1), female sex, recorded vaccination, and "
"554,214","MarketScan matched controls, Table 1 N row",results/ms/table1_demographics.csv,asserted,"(b) MarketScan: 4423200 COVID-positive narrowing to 139472 hospitalized, matched 1:4 (693682 observations in 139468 strata; 554214 control observations from 465"
1.59,"Medicaid, domain-specific (estimate)",results/tables/table3_sdoh_summary.csv,asserted,"Results: Medicaid (AOR 1.59; 1.33 jointly), income <10000 (1.46; 1.18), unemployment (1.41; 1.23), and renting vs."
1.43,"Medicaid, domain-specific (lower bound)",results/tables/table3_sdoh_summary.csv,asserted,"Medicaid-insured participants were at higher odds than those with employer-provided insurance (AOR 1.59, 1.43-1.77), and those with no insurance or other covera"
1.77,"Medicaid, domain-specific (upper bound)",results/tables/table3_sdoh_summary.csv,asserted,"Medicaid-insured participants were at higher odds than those with employer-provided insurance (AOR 1.59, 1.43-1.77), and those with no insurance or other covera"
1.33,"Medicaid, joint (estimate)",results/tables/table3_sdoh_summary.csv,asserted,"Results: Medicaid (AOR 1.59; 1.33 jointly), income <10000 (1.46; 1.18), unemployment (1.41; 1.23), and renting vs."
1.16,"Medicaid, joint (lower bound)",results/tables/table3_sdoh_summary.csv,asserted,"In the joint model, Medicaid insurance (AOR 1.33, 1.16-1.51), unemployment (1.23, 1.09-1.38), non-employment (1.26, 1.12-1.42), household income below 10000 (1."
1.51,"Medicaid, joint (upper bound)",results/tables/table3_sdoh_summary.csv,asserted,"Unemployment (1.41, 1.28-1.56), student status (1.61, 1.24-2.09), and non-employment (retired/other: 1.36, 1.22-1.51) were associated with higher odds of hospit"
1.46,"income below $10,000, domain-specific (estimate)",results/tables/table3_sdoh_summary.csv,asserted,"Results: Medicaid (AOR 1.59; 1.33 jointly), income <10000 (1.46; 1.18), unemployment (1.41; 1.23), and renting vs."
1.29,"income below $10,000, domain-specific (lower bound)",results/tables/table3_sdoh_summary.csv,asserted,"Among comorbidities, severe renal disease (AOR 1.29, 1.12-1.48), moderate/severe liver disease (1.37, 1.12-1.68), metastatic solid tumor (1.22, 1.03-1.46), cere"
1.65,"income below $10,000, domain-specific (upper bound)",results/tables/table3_sdoh_summary.csv,asserted,"The Black-race AOR was 3.00 (pre-Delta), 2.98 (Delta), and 1.65 (Omicron), with coefficient attenuation by SDoH of 11.5%, 29.1%, and 30.1%."
1.18,"income below $10,000, joint (estimate)",results/tables/table3_sdoh_summary.csv,asserted,"Results: Medicaid (AOR 1.59; 1.33 jointly), income <10000 (1.46; 1.18), unemployment (1.41; 1.23), and renting vs."
1.02,"income below $10,000, joint (lower bound)",results/tables/table3_sdoh_summary.csv,asserted,"Compared with the 35000-99999 reference, lower-income strata were associated with elevated odds: <10000 AOR 1.46 (1.29-1.65), 10000-24999 1.37 (1.21-1.55), 2500"
1.36,"income below $10,000, joint (upper bound)",results/tables/table3_sdoh_summary.csv,asserted,"Unemployment (1.41, 1.28-1.56), student status (1.61, 1.24-2.09), and non-employment (retired/other: 1.36, 1.22-1.51) were associated with higher odds of hospit"
1.37,"income $10,000–24,999, domain-specific (estimate)",results/tables/table3_sdoh_summary.csv,asserted,"Among comorbidities, severe renal disease (AOR 1.29, 1.12-1.48), moderate/severe liver disease (1.37, 1.12-1.68), metastatic solid tumor (1.22, 1.03-1.46), cere"
1.21,"income $10,000–24,999, domain-specific (lower bound)",results/tables/table3_sdoh_summary.csv,asserted,"Compared with the 35000-99999 reference, lower-income strata were associated with elevated odds: <10000 AOR 1.46 (1.29-1.65), 10000-24999 1.37 (1.21-1.55), 2500"
1.55,"income $10,000–24,999, domain-specific (upper bound)",results/tables/table3_sdoh_summary.csv,asserted,"Compared with the 35000-99999 reference, lower-income strata were associated with elevated odds: <10000 AOR 1.46 (1.29-1.65), 10000-24999 1.37 (1.21-1.55), 2500"
1.18,"income $10,000–24,999, joint (estimate)",results/tables/table3_sdoh_summary.csv,asserted,"Results: Medicaid (AOR 1.59; 1.33 jointly), income <10000 (1.46; 1.18), unemployment (1.41; 1.23), and renting vs."
1.04,"income $10,000–24,999, joint (lower bound)",results/tables/table3_sdoh_summary.csv,asserted,"Delta-wave infection carried elevated odds (AOR 1.24, 1.12-1.38) relative to pre-Delta, while Omicron did not differ significantly (1.04, 0.96-1.13)."
1.35,"income $10,000–24,999, joint (upper bound)",results/tables/table3_sdoh_summary.csv,asserted,"Education below GED was associated with increased odds (AOR 1.35, 1.18-1.53); the ""never attended school"" estimate (AOR 3.35, 1.66-6.78) is imprecise given the "
1.41,"unemployment, domain-specific (estimate)",results/tables/table3_sdoh_summary.csv,asserted,"Results: Medicaid (AOR 1.59; 1.33 jointly), income <10000 (1.46; 1.18), unemployment (1.41; 1.23), and renting vs."
1.28,"unemployment, domain-specific (lower bound)",results/tables/table3_sdoh_summary.csv,asserted,homeownership (1.28; 1.13) persisted in both domain-specific and joint models.
1.56,"unemployment, domain-specific (upper bound)",results/tables/table3_sdoh_summary.csv,asserted,"Unemployment (1.41, 1.28-1.56), student status (1.61, 1.24-2.09), and non-employment (retired/other: 1.36, 1.22-1.51) were associated with higher odds of hospit"
1.23,"unemployment, joint (estimate)",results/tables/table3_sdoh_summary.csv,asserted,"Results: Medicaid (AOR 1.59; 1.33 jointly), income <10000 (1.46; 1.18), unemployment (1.41; 1.23), and renting vs."
1.09,"unemployment, joint (lower bound)",results/tables/table3_sdoh_summary.csv,asserted,"In the joint model, Medicaid insurance (AOR 1.33, 1.16-1.51), unemployment (1.23, 1.09-1.38), non-employment (1.26, 1.12-1.42), household income below 10000 (1."
1.38,"unemployment, joint (upper bound)",results/tables/table3_sdoh_summary.csv,asserted,"Delta-wave infection carried elevated odds (AOR 1.24, 1.12-1.38) relative to pre-Delta, while Omicron did not differ significantly (1.04, 0.96-1.13)."
1.28,"renting, domain-specific (estimate)",results/tables/table3_sdoh_summary.csv,asserted,homeownership (1.28; 1.13) persisted in both domain-specific and joint models.
1.17,"renting, domain-specific (lower bound)",results/tables/table3_sdoh_summary.csv,asserted,"Black race was associated with substantially elevated odds (AOR 2.30, 2.10-2.52), as was Other race (1.41, 1.17-1.70)."
1.39,"renting, domain-specific (upper bound)",results/tables/table3_sdoh_summary.csv,asserted,"Renters had elevated odds compared with homeowners (1.28, 1.17-1.39)."
1.13,"renting, joint (estimate)",results/tables/table3_sdoh_summary.csv,asserted,homeownership (1.28; 1.13) persisted in both domain-specific and joint models.
1.03,"renting, joint (lower bound)",results/tables/table3_sdoh_summary.csv,asserted,"Among comorbidities, severe renal disease (AOR 1.29, 1.12-1.48), moderate/severe liver disease (1.37, 1.12-1.68), metastatic solid tumor (1.22, 1.03-1.46), cere"
1.25,"renting, joint (upper bound)",results/tables/table3_sdoh_summary.csv,asserted,"In the joint model, Medicaid insurance (AOR 1.33, 1.16-1.51), unemployment (1.23, 1.09-1.38), non-employment (1.26, 1.12-1.42), household income below 10000 (1."
1.20,"income $100,000–149,999, domain-specific (estimate)",results/tables/table3_sdoh_summary.csv,asserted,"Among comorbidities, severe renal disease (AOR 1.29, 1.12-1.48), moderate/severe liver disease (1.37, 1.12-1.68), metastatic solid tumor (1.22, 1.03-1.46), cere"
1.03,"income $100,000–149,999, domain-specific (lower bound)",results/tables/table3_sdoh_summary.csv,asserted,"Among comorbidities, severe renal disease (AOR 1.29, 1.12-1.48), moderate/severe liver disease (1.37, 1.12-1.68), metastatic solid tumor (1.22, 1.03-1.46), cere"
1.41,"income $100,000–149,999, domain-specific (upper bound)",results/tables/table3_sdoh_summary.csv,asserted,"Results: Medicaid (AOR 1.59; 1.33 jointly), income <10000 (1.46; 1.18), unemployment (1.41; 1.23), and renting vs."
1.24,"income $100,000–149,999, joint (estimate)",results/tables/table3_sdoh_summary.csv,asserted,"Two upper-middle income strata were also elevated in the joint model (100000-149999, 1.24; 150000-199999, 1.26), so the income pattern was not monotonic."
1.06,"income $100,000–149,999, joint (lower bound)",results/tables/table3_sdoh_summary.csv,asserted,All of Us All of Us MarketScanᶜ MarketScanᶜ Characteristic Cases Controls Cases Controls N 4064 15856139468554214 Sex Female 2441 (60.1) 10834 (68.3) 67914 (48.
1.46,"income $100,000–149,999, joint (upper bound)",results/tables/table3_sdoh_summary.csv,asserted,"Results: Medicaid (AOR 1.59; 1.33 jointly), income <10000 (1.46; 1.18), unemployment (1.41; 1.23), and renting vs."
1.19,"income $150,000–199,999, domain-specific (estimate)",results/tables/table3_sdoh_summary.csv,asserted,"Among comorbidities, severe renal disease (AOR 1.29, 1.12-1.48), moderate/severe liver disease (1.37, 1.12-1.68), metastatic solid tumor (1.22, 1.03-1.46), cere"
0.96,"income $150,000–199,999, domain-specific (lower bound)",results/tables/table3_sdoh_summary.csv,asserted,"Delta-wave infection carried elevated odds (AOR 1.24, 1.12-1.38) relative to pre-Delta, while Omicron did not differ significantly (1.04, 0.96-1.13)."
1.48,"income $150,000–199,999, domain-specific (upper bound)",results/tables/table3_sdoh_summary.csv,asserted,"Among comorbidities, severe renal disease (AOR 1.29, 1.12-1.48), moderate/severe liver disease (1.37, 1.12-1.68), metastatic solid tumor (1.22, 1.03-1.46), cere"
1.26,"income $150,000–199,999, joint (estimate)",results/tables/table3_sdoh_summary.csv,asserted,"Two upper-middle income strata were also elevated in the joint model (100000-149999, 1.24; 150000-199999, 1.26), so the income pattern was not monotonic."
1.01,"income $150,000–199,999, joint (lower bound)",results/tables/table3_sdoh_summary.csv,asserted,Housing instability (1.01) and disability (0.94) were not significant.
1.57,"income $150,000–199,999, joint (upper bound)",results/tables/table3_sdoh_summary.csv,asserted,All of Us All of Us MarketScanᶜ MarketScanᶜ Characteristic Cases Controls Cases Controls N 4064 15856139468554214 Sex Female 2441 (60.1) 10834 (68.3) 67914 (48.
2.30,"Black-race AOR, base model (estimate)",results/tables/table3_sdoh_summary.csv,asserted,Six-domain adjustment attenuated the Black-race AOR from 2.30 to 2.00 (1.81-2.20).
2.10,"Black-race AOR, base model (lower bound)",results/tables/table3_sdoh_summary.csv,asserted,"Black race was associated with substantially elevated odds (AOR 2.30, 2.10-2.52), as was Other race (1.41, 1.17-1.70)."
2.52,"Black-race AOR, base model (upper bound)",results/tables/table3_sdoh_summary.csv,asserted,"Black race was associated with substantially elevated odds (AOR 2.30, 2.10-2.52), as was Other race (1.41, 1.17-1.70)."
2.00,"Black-race AOR, joint SDoH model (estimate)",results/tables/table3_sdoh_summary.csv,asserted,Six-domain adjustment attenuated the Black-race AOR from 2.30 to 2.00 (1.81-2.20).
1.81,"Black-race AOR, joint SDoH model (lower bound)",results/tables/table3_sdoh_summary.csv,asserted,Six-domain adjustment attenuated the Black-race AOR from 2.30 to 2.00 (1.81-2.20).
2.20,"Black-race AOR, joint SDoH model (upper bound)",results/tables/table3_sdoh_summary.csv,asserted,Six-domain adjustment attenuated the Black-race AOR from 2.30 to 2.00 (1.81-2.20).
16.9,"joint SDoH attenuation of the Black-race coefficient, %",results/tables/table3_sdoh_summary.csv,asserted,All of Us All of Us MarketScanᶜ MarketScanᶜ Characteristic Cases Controls Cases Controls N 4064 15856139468554214 Sex Female 2441 (60.1) 10834 (68.3) 67914 (48.
0.74,"female sex, All of Us (estimate)",results/tables/table3_sdoh_summary.csv,asserted,"INTRODUCTION Respiratory viral pandemics will continue to emerge, and each will reproduce health disparities observed during COVID-19 unless preparedness planni"
0.68,"female sex, All of Us (lower bound)",results/tables/table3_sdoh_summary.csv,asserted,"Female sex was associated with lower odds (AOR 0.74, 95% CI 0.68-0.80), as was recorded vaccination before the index date (AOR 0.45, 0.40-0.51)."
0.80,"female sex, All of Us (upper bound)",results/tables/table3_sdoh_summary.csv,asserted,"Female sex was associated with lower odds (AOR 0.74, 95% CI 0.68-0.80), as was recorded vaccination before the index date (AOR 0.45, 0.40-0.51)."
0.50,"female sex, MarketScan (estimate)",results/tables/table3_sdoh_summary.csv,asserted,"eReferences Phenotype Code Type Code / Concept ID U07.1 condition OMOP Concept 37311061 Positive SARS-CoV-2 lab OMOP Measurement 586520, 586523, 586525, 586526,"
0.49,"female sex, MarketScan (lower bound)",results/tables/table3_sdoh_summary.csv,asserted,"eReferences Phenotype Code Type Code / Concept ID U07.1 condition OMOP Concept 37311061 Positive SARS-CoV-2 lab OMOP Measurement 586520, 586523, 586525, 586526,"
0.50,"female sex, MarketScan (upper bound)",results/tables/table3_sdoh_summary.csv,asserted,"eReferences Phenotype Code Type Code / Concept ID U07.1 condition OMOP Concept 37311061 Positive SARS-CoV-2 lab OMOP Measurement 586520, 586523, 586525, 586526,"
1.04,"Omicron wave, All of Us (estimate)",results/tables/table3_sdoh_summary.csv,asserted,"Delta-wave infection carried elevated odds (AOR 1.24, 1.12-1.38) relative to pre-Delta, while Omicron did not differ significantly (1.04, 0.96-1.13)."
0.96,"Omicron wave, All of Us (lower bound)",results/tables/table3_sdoh_summary.csv,asserted,"Delta-wave infection carried elevated odds (AOR 1.24, 1.12-1.38) relative to pre-Delta, while Omicron did not differ significantly (1.04, 0.96-1.13)."
1.13,"Omicron wave, All of Us (upper bound)",results/tables/table3_sdoh_summary.csv,asserted,homeownership (1.28; 1.13) persisted in both domain-specific and joint models.
0.47,"Omicron wave, MarketScan (estimate)",results/tables/table3_sdoh_summary.csv,asserted,"Five of 25 comparable estimates were directionally discordant: Omicron wave (AoU 1.04, 0.96-1.13; MarketScan 0.47, 0.47-0.48), cerebrovascular disease, diabetes"
0.47,"Omicron wave, MarketScan (lower bound)",results/tables/table3_sdoh_summary.csv,asserted,"Five of 25 comparable estimates were directionally discordant: Omicron wave (AoU 1.04, 0.96-1.13; MarketScan 0.47, 0.47-0.48), cerebrovascular disease, diabetes"
0.48,"Omicron wave, MarketScan (upper bound)",results/tables/table3_sdoh_summary.csv,asserted,"Five of 25 comparable estimates were directionally discordant: Omicron wave (AoU 1.04, 0.96-1.13; MarketScan 0.47, 0.47-0.48), cerebrovascular disease, diabetes"
1.20,"cerebrovascular disease, All of Us (estimate)",results/tables/table3_sdoh_summary.csv,asserted,"Among comorbidities, severe renal disease (AOR 1.29, 1.12-1.48), moderate/severe liver disease (1.37, 1.12-1.68), metastatic solid tumor (1.22, 1.03-1.46), cere"
1.08,"cerebrovascular disease, All of Us (lower bound)",results/tables/table3_sdoh_summary.csv,asserted,"Among comorbidities, severe renal disease (AOR 1.29, 1.12-1.48), moderate/severe liver disease (1.37, 1.12-1.68), metastatic solid tumor (1.22, 1.03-1.46), cere"
1.33,"cerebrovascular disease, All of Us (upper bound)",results/tables/table3_sdoh_summary.csv,asserted,"Results: Medicaid (AOR 1.59; 1.33 jointly), income <10000 (1.46; 1.18), unemployment (1.41; 1.23), and renting vs."
0.86,"cerebrovascular disease, MarketScan (estimate)",results/tables/table3_sdoh_summary.csv,asserted,"Housing tenure recorded as “other” moved from null in the domain-specific model (0.99, 0.86-1.13) to a borderline inverse estimate under mutual adjustment (0.86"
0.83,"cerebrovascular disease, MarketScan (lower bound)",results/tables/table3_sdoh_summary.csv,asserted,"Chronic pulmonary disease (0.85, 0.79-0.92) and mild liver disease (0.76, 0.69-0.83) showed inverse associations in this cohort; because matching balanced encou"
0.89,"cerebrovascular disease, MarketScan (upper bound)",results/tables/table3_sdoh_summary.csv,asserted,"eReferences Phenotype Code Type Code / Concept ID U07.1 condition OMOP Concept 37311061 Positive SARS-CoV-2 lab OMOP Measurement 586520, 586523, 586525, 586526,"
0.76,"AIDS, All of Us (estimate)",results/tables/table3_sdoh_summary.csv,asserted,"Chronic pulmonary disease (0.85, 0.79-0.92) and mild liver disease (0.76, 0.69-0.83) showed inverse associations in this cohort; because matching balanced encou"
0.57,"AIDS, All of Us (lower bound)",results/tables/table3_sdoh_summary.csv,asserted,0.96 (0.86-1.06) 1.46 (1.42-1.50)* No Hemiplegia/paraplegia 1.02 (0.86-1.21) 1.71 (1.59-1.83)* Yes Renal mild/mod 1.05 (0.94-1.18) 1.29 (1.25-1.34)* Yes Renal s
1.02,"AIDS, All of Us (upper bound)",results/tables/table3_sdoh_summary.csv,asserted,"Compared with the 35000-99999 reference, lower-income strata were associated with elevated odds: <10000 AOR 1.46 (1.29-1.65), 10000-24999 1.37 (1.21-1.55), 2500"
1.27,"AIDS, MarketScan (estimate)",results/tables/table3_sdoh_summary.csv,asserted,"It produced a non-significant inverse point estimate in AoU (AOR 0.76, P = 0.068) and a significant risk association in MarketScan (AOR 1.27)."
1.03,"AIDS, MarketScan (lower bound)",results/tables/table3_sdoh_summary.csv,asserted,"Among comorbidities, severe renal disease (AOR 1.29, 1.12-1.48), moderate/severe liver disease (1.37, 1.12-1.68), metastatic solid tumor (1.22, 1.03-1.46), cere"
1.58,"AIDS, MarketScan (upper bound)",results/tables/table3_sdoh_summary.csv,asserted,0.96 (0.86-1.06) 1.46 (1.42-1.50)* No Hemiplegia/paraplegia 1.02 (0.86-1.21) 1.71 (1.59-1.83)* Yes Renal mild/mod 1.05 (0.94-1.18) 1.29 (1.25-1.34)* Yes Renal s
1.49,"pre-Delta income below $10,000 (estimate)",results/tables/table3_sdoh_summary.csv,asserted,"In the pre-Delta period (N = 2087 cases), income below 10000 was associated with AOR 1.49 (1.21-1.82)."
1.21,"pre-Delta income below $10,000 (lower bound)",results/tables/table3_sdoh_summary.csv,asserted,"Compared with the 35000-99999 reference, lower-income strata were associated with elevated odds: <10000 AOR 1.46 (1.29-1.65), 10000-24999 1.37 (1.21-1.55), 2500"
1.82,"pre-Delta income below $10,000 (upper bound)",results/tables/table3_sdoh_summary.csv,asserted,"In the pre-Delta period (N = 2087 cases), income below 10000 was associated with AOR 1.49 (1.21-1.82)."
2.11,"Delta income below $10,000 (estimate)",results/tables/table3_sdoh_summary.csv,asserted,"The Delta period (N = 644 cases) showed consistent direction (AOR 2.11, 1.10-4.03) but wide confidence intervals from the smaller stratum."
1.10,"Delta income below $10,000 (lower bound)",results/tables/table3_sdoh_summary.csv,asserted,"The Delta period (N = 644 cases) showed consistent direction (AOR 2.11, 1.10-4.03) but wide confidence intervals from the smaller stratum."
4.03,"Delta income below $10,000 (upper bound)",results/tables/table3_sdoh_summary.csv,asserted,"The Delta period (N = 644 cases) showed consistent direction (AOR 2.11, 1.10-4.03) but wide confidence intervals from the smaller stratum."
1.64,"Omicron income below $10,000 (estimate)",results/tables/table3_sdoh_summary.csv,asserted,The income association persisted through Omicron (AOR 1.64).
1.23,"Omicron income below $10,000 (lower bound)",results/tables/table3_sdoh_summary.csv,asserted,"Results: Medicaid (AOR 1.59; 1.33 jointly), income <10000 (1.46; 1.18), unemployment (1.41; 1.23), and renting vs."
2.18,"Omicron income below $10,000 (upper bound)",results/tables/table3_sdoh_summary.csv,asserted,"During Omicron (N = 1333 cases), when vaccines were available, income below 10000 carried AOR 1.64 (1.23-2.18, P < 0.001)."
1.41,"pre-Delta income $100,000–149,999 (estimate)",results/tables/table3_sdoh_summary.csv,asserted,"Results: Medicaid (AOR 1.59; 1.33 jointly), income <10000 (1.46; 1.18), unemployment (1.41; 1.23), and renting vs."
1.07,"pre-Delta income $100,000–149,999 (lower bound)",results/tables/table3_sdoh_summary.csv,asserted,All of Us All of Us MarketScanᶜ MarketScanᶜ Characteristic Cases Controls Cases Controls N 4064 15856139468554214 Sex Female 2441 (60.1) 10834 (68.3) 67914 (48.
1.86,"pre-Delta income $100,000–149,999 (upper bound)",results/tables/table3_sdoh_summary.csv,asserted,1.46 1.42-1.50 1.43-1.50 0.88 Hemiplegia 1.71 1.59-1.83 1.59-1.83 1.00 Renal mild/mod 1.29 1.25-1.34 1.25-1.33 0.89 Renal severe 2.45 2.31-2.59 2.31-2.59 1.00 H
0.76,"AoU AIDS, two-step phenotype (estimate)",results/tables/table3_sdoh_summary.csv,asserted,"Chronic pulmonary disease (0.85, 0.79-0.92) and mild liver disease (0.76, 0.69-0.83) showed inverse associations in this cohort; because matching balanced encou"
0.57,"AoU AIDS, two-step phenotype (lower bound)",results/tables/table3_sdoh_summary.csv,asserted,0.96 (0.86-1.06) 1.46 (1.42-1.50)* No Hemiplegia/paraplegia 1.02 (0.86-1.21) 1.71 (1.59-1.83)* Yes Renal mild/mod 1.05 (0.94-1.18) 1.29 (1.25-1.34)* Yes Renal s
1.02,"AoU AIDS, two-step phenotype (upper bound)",results/tables/table3_sdoh_summary.csv,asserted,"Compared with the 35000-99999 reference, lower-income strata were associated with elevated odds: <10000 AOR 1.46 (1.29-1.65), 10000-24999 1.37 (1.21-1.55), 2500"
0.74 (0.56,"banned: eTable 14 printed a significant AIDS estimate for a result the pipeline returns as 0.76 (0.57-1.02), P = 0.068",-,asserted,
1.13,"S3 income below $10,000 (estimate)",results/tables/table3_sdoh_summary.csv,asserted,homeownership (1.28; 1.13) persisted in both domain-specific and joint models.
0.97,"S3 income below $10,000 (lower bound)",results/tables/table3_sdoh_summary.csv,asserted,"eReferences Phenotype Code Type Code / Concept ID U07.1 condition OMOP Concept 37311061 Positive SARS-CoV-2 lab OMOP Measurement 586520, 586523, 586525, 586526,"
1.32,"S3 income below $10,000 (upper bound)",results/tables/table3_sdoh_summary.csv,asserted,"Among comorbidities, severe renal disease (AOR 1.29, 1.12-1.48), moderate/severe liver disease (1.37, 1.12-1.68), metastatic solid tumor (1.22, 1.03-1.46), cere"
1.09,S3 renting (estimate),results/tables/table3_sdoh_summary.csv,asserted,"In the joint model, Medicaid insurance (AOR 1.33, 1.16-1.51), unemployment (1.23, 1.09-1.38), non-employment (1.26, 1.12-1.42), household income below 10000 (1."
0.98,S3 renting (lower bound),results/tables/table3_sdoh_summary.csv,asserted,"Education below GED lost significance (AOR 1.13, 0.98-1.30), suggesting its domain-specific association was shared with income and employment rather than reflec"
1.21,S3 renting (upper bound),results/tables/table3_sdoh_summary.csv,asserted,"Compared with the 35000-99999 reference, lower-income strata were associated with elevated odds: <10000 AOR 1.46 (1.29-1.65), 10000-24999 1.37 (1.21-1.55), 2500"
"38,472","banned: pre-trim MarketScan chronic pulmonary, cases",-,asserted,
"140,660","banned: pre-trim MarketScan chronic pulmonary, controls",-,asserted,
"377,888",banned: pre-trim MarketScan female controls,-,asserted,
"557,888",banned: pre-trim MarketScan control observations,-,asserted,
"139,472 cases",banned: pre-match MarketScan case count used as an N,-,asserted,
"109,739",banned: pre-trim MarketScan vaccinated controls,-,asserted,
"20,199",banned: pre-index-restriction MarketScan mild liver disease,-,asserted,
"9,080",banned: pre-index-restriction MarketScan myocardial infarction,-,asserted,
0.554,banned: MatchIt reports 0.489 for the All of Us diagnosis-count SMD,-,asserted,
0.700,banned: MatchIt reports 0.613 for the MarketScan diagnosis-count SMD,-,asserted,
1.31-fold,banned: inverse logit of a centred clogit linear predictor; the identified quantity is the profile odds ratio,-,asserted,
model-predicted probability,banned: not identified by a conditional logistic model,-,asserted,
1.59 (1.38,banned: MarketScan AIDS value present in no pipeline output,-,asserted,
5405efa7,figure submission/03_figures/pdf/Figure1.pdf,results/figures/Figure1.pdf,asserted,
d453034d,figure submission/03_figures/pdf/Figure2.pdf,results/figures/Figure2.pdf,asserted,
5c874b7d,figure submission/03_figures/pdf/Figure3.pdf,results/figures/Figure3.pdf,asserted,
07a9d242,figure submission/03_figures/pdf/Figure4.pdf,results/figures/Figure4.pdf,asserted,
fce7de10,figure submission/03_figures/pdf/Figure5.pdf,results/figures/Figure5.pdf,asserted,
19,*not asserted*,-,unchecked,"Survey-derived social determinants of COVID-19 hospitalization: lessons for respiratory-pandemic preparedness from the All of Us Research Program Haining Wang, "
2,*not asserted*,-,unchecked,"Survey-derived social determinants of COVID-19 hospitalization: lessons for respiratory-pandemic preparedness from the All of Us Research Program Haining Wang, "
3,*not asserted*,-,unchecked,"Survey-derived social determinants of COVID-19 hospitalization: lessons for respiratory-pandemic preparedness from the All of Us Research Program Haining Wang, "
4,*not asserted*,-,unchecked,"Survey-derived social determinants of COVID-19 hospitalization: lessons for respiratory-pandemic preparedness from the All of Us Research Program Haining Wang, "
1,*not asserted*,-,unchecked,"Survey-derived social determinants of COVID-19 hospitalization: lessons for respiratory-pandemic preparedness from the All of Us Research Program Haining Wang, "
46202,*not asserted*,-,unchecked,"Survey-derived social determinants of COVID-19 hospitalization: lessons for respiratory-pandemic preparedness from the All of Us Research Program Haining Wang, "
47907,*not asserted*,-,unchecked,"Survey-derived social determinants of COVID-19 hospitalization: lessons for respiratory-pandemic preparedness from the All of Us Research Program Haining Wang, "
5,*not asserted*,-,unchecked,"Survey-derived social determinants of COVID-19 hospitalization: lessons for respiratory-pandemic preparedness from the All of Us Research Program Haining Wang, "
95192,*not asserted*,-,unchecked,"Survey-derived social determinants of COVID-19 hospitalization: lessons for respiratory-pandemic preparedness from the All of Us Research Program Haining Wang, "
6,*not asserted*,-,unchecked,"Survey-derived social determinants of COVID-19 hospitalization: lessons for respiratory-pandemic preparedness from the All of Us Research Program Haining Wang, "
12226,*not asserted*,-,unchecked,"Survey-derived social determinants of COVID-19 hospitalization: lessons for respiratory-pandemic preparedness from the All of Us Research Program Haining Wang, "
25160,*not asserted*,-,unchecked,Materials and Methods: We conducted a propensity score-matched case-control study in NIH All of Us (n = 25160 COVID-positive).
14,*not asserted*,-,unchecked,Cases (4064 hospitalized within 14 days of COVID-19 diagnosis or positive test) were matched 1:4 to controls on encounter-density proxies.
95,*not asserted*,-,unchecked,"Conditional logistic models estimated adjusted odds ratios (AORs) with 95% CIs for 19 pre-existing Charlson comorbidities and six survey-derived SDoH domains, s"
10000,*not asserted*,-,unchecked,"Results: Medicaid (AOR 1.59; 1.33 jointly), income <10000 (1.46; 1.18), unemployment (1.41; 1.23), and renting vs."
100000,*not asserted*,-,unchecked,"Two upper-middle income strata were also elevated in the joint model (100000-149999, 1.24; 150000-199999, 1.26), so the income pattern was not monotonic."
149999,*not asserted*,-,unchecked,"Two upper-middle income strata were also elevated in the joint model (100000-149999, 1.24; 150000-199999, 1.26), so the income pattern was not monotonic."
150000,*not asserted*,-,unchecked,"Two upper-middle income strata were also elevated in the joint model (100000-149999, 1.24; 150000-199999, 1.26), so the income pattern was not monotonic."
199999,*not asserted*,-,unchecked,"Two upper-middle income strata were also elevated in the joint model (100000-149999, 1.24; 150000-199999, 1.26), so the income pattern was not monotonic."
3.00,*not asserted*,-,unchecked,"The Black-race AOR was 3.00 (pre-Delta), 2.98 (Delta), and 1.65 (Omicron), with coefficient attenuation by SDoH of 11.5%, 29.1%, and 30.1%."
2.98,*not asserted*,-,unchecked,"The Black-race AOR was 3.00 (pre-Delta), 2.98 (Delta), and 1.65 (Omicron), with coefficient attenuation by SDoH of 11.5%, 29.1%, and 30.1%."
11.5,*not asserted*,-,unchecked,"The Black-race AOR was 3.00 (pre-Delta), 2.98 (Delta), and 1.65 (Omicron), with coefficient attenuation by SDoH of 11.5%, 29.1%, and 30.1%."
29.1,*not asserted*,-,unchecked,"The Black-race AOR was 3.00 (pre-Delta), 2.98 (Delta), and 1.65 (Omicron), with coefficient attenuation by SDoH of 11.5%, 29.1%, and 30.1%."
30.1,*not asserted*,-,unchecked,"The Black-race AOR was 3.00 (pre-Delta), 2.98 (Delta), and 1.65 (Omicron), with coefficient attenuation by SDoH of 11.5%, 29.1%, and 30.1%."
20,*not asserted*,-,unchecked,Clinical and demographic associations were directionally similar in MarketScan for 20 of 25 comparable estimates.
25,*not asserted*,-,unchecked,Clinical and demographic associations were directionally similar in MarketScan for 20 of 25 comparable estimates.
0,*not asserted*,-,unchecked,Survey-linked OMOP-standardized EHR data enabled domain-specific measurement unavailable from structured fields (0-2% capture) or area-level indices.
1.9,*not asserted*,-,unchecked,"INTRODUCTION Respiratory viral pandemics will continue to emerge, and each will reproduce health disparities observed during COVID-19 unless preparedness planni"
1.87,*not asserted*,-,unchecked,"INTRODUCTION Respiratory viral pandemics will continue to emerge, and each will reproduce health disparities observed during COVID-19 unless preparedness planni"
1.69,*not asserted*,-,unchecked,"INTRODUCTION Respiratory viral pandemics will continue to emerge, and each will reproduce health disparities observed during COVID-19 unless preparedness planni"
2.04,*not asserted*,-,unchecked,"INTRODUCTION Respiratory viral pandemics will continue to emerge, and each will reproduce health disparities observed during COVID-19 unless preparedness planni"
7,*not asserted*,-,unchecked,"County-level analyses have linked composite deprivation indices to higher incidence and mortality,[7] and the Social Deprivation Index predicted COVID-19 case r"
8,*not asserted*,-,unchecked,"County-level analyses have linked composite deprivation indices to higher incidence and mortality,[7] and the Social Deprivation Index predicted COVID-19 case r"
9,*not asserted*,-,unchecked,"County-level analyses have linked composite deprivation indices to higher incidence and mortality,[7] and the Social Deprivation Index predicted COVID-19 case r"
1.3,*not asserted*,-,unchecked,"County-level analyses have linked composite deprivation indices to higher incidence and mortality,[7] and the Social Deprivation Index predicted COVID-19 case r"
10,*not asserted*,-,unchecked,"County-level analyses have linked composite deprivation indices to higher incidence and mortality,[7] and the Social Deprivation Index predicted COVID-19 case r"
11,*not asserted*,-,unchecked,"found an income gradient for COVID-19 hospitalization and no association with education, entering income, education, and an area-level deprivation index simulta"
12,*not asserted*,-,unchecked,"The National COVID Cohort Collaborative (N3C) has supported detailed characterization of clinical risk for COVID-19 severity, including comorbidity burden, mali"
13,*not asserted*,-,unchecked,"The National COVID Cohort Collaborative (N3C) has supported detailed characterization of clinical risk for COVID-19 severity, including comorbidity burden, mali"
2030,*not asserted*,-,unchecked,"evaluated individual-level SDoH across three Healthy People 2030 domains and found all three associated with hospitalization, but drew exposures from sparsely c"
16,*not asserted*,-,unchecked,"evaluated individual-level SDoH across three Healthy People 2030 domains and found all three associated with hospitalization, but drew exposures from sparsely c"
17,*not asserted*,-,unchecked,"evaluated individual-level SDoH across three Healthy People 2030 domains and found all three associated with hospitalization, but drew exposures from sparsely c"
18,*not asserted*,-,unchecked,"evaluated individual-level SDoH across three Healthy People 2030 domains and found all three associated with hospitalization, but drew exposures from sparsely c"
4.4,*not asserted*,-,unchecked,We compare clinical and demographic associations with MarketScan Commercial Claims (n = 4.4 million) as a cross-cohort check.
21,*not asserted*,-,unchecked,METHODS We conducted a propensity score-matched case-control study using All of Us Research Program data.[19-21] Conditional logistic regression estimates assoc
0.2,*not asserted*,-,unchecked,"Case-control propensity matching at a 1:4 ratio used All of Us enrollment date, number of diagnoses, and length of medical history as encounter-density proxies,"
22,*not asserted*,-,unchecked,"Case-control propensity matching at a 1:4 ratio used All of Us enrollment date, number of diagnoses, and length of medical history as encounter-density proxies,"
23,*not asserted*,-,unchecked,"Case-control propensity matching at a 1:4 ratio used All of Us enrollment date, number of diagnoses, and length of medical history as encounter-density proxies,"
24,*not asserted*,-,unchecked,"Case-control propensity matching at a 1:4 ratio used All of Us enrollment date, number of diagnoses, and length of medical history as encounter-density proxies,"
6952,*not asserted*,-,unchecked,"Because matching was with replacement, the effective control sample size is smaller than the number of control observations (All of Us 6952; MarketScan 379100)."
379100,*not asserted*,-,unchecked,"Because matching was with replacement, the effective control sample size is smaller than the number of control observations (All of Us 6952; MarketScan 379100)."
26,*not asserted*,-,unchecked,"Outcome The primary outcome was COVID-19 hospitalization or extended emergency department care within 14 days of the index date, aligned with the Centers for Di"
65,*not asserted*,-,unchecked,"Outcome The primary outcome was COVID-19 hospitalization or extended emergency department care within 14 days of the index date, aligned with the Centers for Di"
9201,*not asserted*,-,unchecked,"Hospitalization was defined as inpatient visits (9201, 32037), emergency-to-inpatient visits (262, 8717), or emergency visits with recorded stay duration of one"
32037,*not asserted*,-,unchecked,"Hospitalization was defined as inpatient visits (9201, 32037), emergency-to-inpatient visits (262, 8717), or emergency visits with recorded stay duration of one"
262,*not asserted*,-,unchecked,"Hospitalization was defined as inpatient visits (9201, 32037), emergency-to-inpatient visits (262, 8717), or emergency visits with recorded stay duration of one"
8717,*not asserted*,-,unchecked,"Hospitalization was defined as inpatient visits (9201, 32037), emergency-to-inpatient visits (262, 8717), or emergency visits with recorded stay duration of one"
9203,*not asserted*,-,unchecked,"Hospitalization was defined as inpatient visits (9201, 32037), emergency-to-inpatient visits (262, 8717), or emergency visits with recorded stay duration of one"
27,*not asserted*,-,unchecked,"Exposure and covariates We extracted demographic features (sex at birth, race, ethnicity, age), vaccination status (eTable 3), and Charlson comorbidities (eTabl"
692,*not asserted*,-,unchecked,"Six SDoH domains (i.e., insurance, income, education, employment, housing tenure and stability, and disability; eTable 5) were derived from the Basics Survey, c"
286,*not asserted*,-,unchecked,"Six SDoH domains (i.e., insurance, income, education, employment, housing tenure and stability, and disability; eTable 5) were derived from the Basics Survey, c"
985,*not asserted*,-,unchecked,"Six SDoH domains (i.e., insurance, income, education, employment, housing tenure and stability, and disability; eTable 5) were derived from the Basics Survey, c"
86.4,*not asserted*,-,unchecked,"Six SDoH domains (i.e., insurance, income, education, employment, housing tenure and stability, and disability; eTable 5) were derived from the Basics Survey, c"
28,*not asserted*,-,unchecked,"In AoU, standard errors were clustered on person identifier to account for control reuse from matching with replacement.[28] Under an alternative variance estim"
15,*not asserted*,-,unchecked,"Pandemic wave (pre-Delta: before June 15, 2021; Delta: June 15-December 14, 2021; Omicron: December 15, 2021 onward) was included as a covariate to adjust for t"
2021,*not asserted*,-,unchecked,"Pandemic wave (pre-Delta: before June 15, 2021; Delta: June 15-December 14, 2021; Omicron: December 15, 2021 onward) was included as a covariate to adjust for t"
35000,*not asserted*,-,unchecked,"From the joint model, we contrasted two socioeconomic profiles (employer-insured/35000-99999/homeowner versus Medicaid/10000-24999/renter) as the product of the"
99999,*not asserted*,-,unchecked,"From the joint model, we contrasted two socioeconomic profiles (employer-insured/35000-99999/homeowner versus Medicaid/10000-24999/renter) as the product of the"
24999,*not asserted*,-,unchecked,"From the joint model, we contrasted two socioeconomic profiles (employer-insured/35000-99999/homeowner versus Medicaid/10000-24999/renter) as the product of the"
29,*not asserted*,-,unchecked,"Analyses stratified by pandemic wave (pre-Delta, Delta, Omicron) evaluated whether lower-income, racial, and insurance associations persisted or evolved across "
30,*not asserted*,-,unchecked,"Analyses stratified by pandemic wave (pre-Delta, Delta, Omicron) evaluated whether lower-income, racial, and insurance associations persisted or evolved across "
31,*not asserted*,-,unchecked,We summarized the degree to which the six social domains accounted for the Black-race association as the proportional reduction in its log adjusted odds ratio o
2020,*not asserted*,-,unchecked,We summarized the degree to which the six social domains accounted for the Black-race association as the proportional reduction in its log adjusted odds ratio o
2023,*not asserted*,-,unchecked,We summarized the degree to which the six social domains accounted for the Black-race association as the proportional reduction in its log adjusted odds ratio o
32,*not asserted*,-,unchecked,We summarized the degree to which the six social domains accounted for the Black-race association as the proportional reduction in its log adjusted odds ratio o
413457,*not asserted*,-,unchecked,"Among 413457 All of Us participants, 25160 had confirmed COVID-19 with both EHR data and Basics Survey completion."
16.2,*not asserted*,-,unchecked,"Using the hospitalization phenotype (14-day window, ED visits requiring stay ≥1 day; Figure 2), 4064 (16.2%) were classified as cases."
3.90,*not asserted*,-,unchecked,Matching sought four controls per case and achieved 3.90 on average; the matched cohort comprised 19920 observations in 4064 strata.
19920,*not asserted*,-,unchecked,Matching sought four controls per case and achieved 3.90 on average; the matched cohort comprised 19920 observations in 4064 strata.
9691,*not asserted*,-,unchecked,"Among 15856 control observations, 9691 were unique individuals (median reuse 1, IQR 1-2, maximum 13; eTable 11)."
0.489,*not asserted*,-,unchecked,Pre-matching imbalance was largest for diagnosis count (SMD = 0.489; eTable 6).
0.03,*not asserted*,-,unchecked,Post-matching balance achieved standardized mean differences below 0.03 for all three matching variables (eTable 7); full-covariate balance is shown in eFigure 
39.0,*not asserted*,-,unchecked,"Cases had higher proportions of males (39.0% vs 30.6%), Black participants (29.9% vs 17.9%), older adults aged ≥65 (35.7% vs 30.5%), and Medicaid-insured partic"
30.6,*not asserted*,-,unchecked,"Cases had higher proportions of males (39.0% vs 30.6%), Black participants (29.9% vs 17.9%), older adults aged ≥65 (35.7% vs 30.5%), and Medicaid-insured partic"
29.9,*not asserted*,-,unchecked,"Cases had higher proportions of males (39.0% vs 30.6%), Black participants (29.9% vs 17.9%), older adults aged ≥65 (35.7% vs 30.5%), and Medicaid-insured partic"
17.9,*not asserted*,-,unchecked,"Cases had higher proportions of males (39.0% vs 30.6%), Black participants (29.9% vs 17.9%), older adults aged ≥65 (35.7% vs 30.5%), and Medicaid-insured partic"
35.7,*not asserted*,-,unchecked,"Cases had higher proportions of males (39.0% vs 30.6%), Black participants (29.9% vs 17.9%), older adults aged ≥65 (35.7% vs 30.5%), and Medicaid-insured partic"
30.5,*not asserted*,-,unchecked,"Cases had higher proportions of males (39.0% vs 30.6%), Black participants (29.9% vs 17.9%), older adults aged ≥65 (35.7% vs 30.5%), and Medicaid-insured partic"
34.7,*not asserted*,-,unchecked,"Cases had higher proportions of males (39.0% vs 30.6%), Black participants (29.9% vs 17.9%), older adults aged ≥65 (35.7% vs 30.5%), and Medicaid-insured partic"
26.2,*not asserted*,-,unchecked,"Cases had higher proportions of males (39.0% vs 30.6%), Black participants (29.9% vs 17.9%), older adults aged ≥65 (35.7% vs 30.5%), and Medicaid-insured partic"
0.45,*not asserted*,-,unchecked,"Female sex was associated with lower odds (AOR 0.74, 95% CI 0.68-0.80), as was recorded vaccination before the index date (AOR 0.45, 0.40-0.51)."
0.40,*not asserted*,-,unchecked,"Female sex was associated with lower odds (AOR 0.74, 95% CI 0.68-0.80), as was recorded vaccination before the index date (AOR 0.45, 0.40-0.51)."
0.51,*not asserted*,-,unchecked,"Female sex was associated with lower odds (AOR 0.74, 95% CI 0.68-0.80), as was recorded vaccination before the index date (AOR 0.45, 0.40-0.51)."
55,*not asserted*,-,unchecked,"Age showed a gradient with elevated odds at 55-64 (AOR 1.45, 1.30-1.61) and ≥65 (AOR 1.61, 1.44-1.79) relative to <45."
64,*not asserted*,-,unchecked,"Age showed a gradient with elevated odds at 55-64 (AOR 1.45, 1.30-1.61) and ≥65 (AOR 1.61, 1.44-1.79) relative to <45."
1.45,*not asserted*,-,unchecked,"Age showed a gradient with elevated odds at 55-64 (AOR 1.45, 1.30-1.61) and ≥65 (AOR 1.61, 1.44-1.79) relative to <45."
1.30,*not asserted*,-,unchecked,"Age showed a gradient with elevated odds at 55-64 (AOR 1.45, 1.30-1.61) and ≥65 (AOR 1.61, 1.44-1.79) relative to <45."
1.61,*not asserted*,-,unchecked,"Age showed a gradient with elevated odds at 55-64 (AOR 1.45, 1.30-1.61) and ≥65 (AOR 1.61, 1.44-1.79) relative to <45."
1.44,*not asserted*,-,unchecked,"Age showed a gradient with elevated odds at 55-64 (AOR 1.45, 1.30-1.61) and ≥65 (AOR 1.61, 1.44-1.79) relative to <45."
1.79,*not asserted*,-,unchecked,"Age showed a gradient with elevated odds at 55-64 (AOR 1.45, 1.30-1.61) and ≥65 (AOR 1.61, 1.44-1.79) relative to <45."
1.70,*not asserted*,-,unchecked,"Black race was associated with substantially elevated odds (AOR 2.30, 2.10-2.52), as was Other race (1.41, 1.17-1.70)."
1.00,*not asserted*,-,unchecked,"Asian race was elevated but not statistically significant (1.33, 1.00-1.78)."
1.78,*not asserted*,-,unchecked,"Asian race was elevated but not statistically significant (1.33, 1.00-1.78)."
1.12,*not asserted*,-,unchecked,"Delta-wave infection carried elevated odds (AOR 1.24, 1.12-1.38) relative to pre-Delta, while Omicron did not differ significantly (1.04, 0.96-1.13)."
1.68,*not asserted*,-,unchecked,"Among comorbidities, severe renal disease (AOR 1.29, 1.12-1.48), moderate/severe liver disease (1.37, 1.12-1.68), metastatic solid tumor (1.22, 1.03-1.46), cere"
1.22,*not asserted*,-,unchecked,"Among comorbidities, severe renal disease (AOR 1.29, 1.12-1.48), moderate/severe liver disease (1.37, 1.12-1.68), metastatic solid tumor (1.22, 1.03-1.46), cere"
1.11,*not asserted*,-,unchecked,"Dementia was not significant after restricting comorbidities to pre-index records (1.11, 0.94-1.30)."
0.94,*not asserted*,-,unchecked,"Dementia was not significant after restricting comorbidities to pre-index records (1.11, 0.94-1.30)."
0.85,*not asserted*,-,unchecked,"Chronic pulmonary disease (0.85, 0.79-0.92) and mild liver disease (0.76, 0.69-0.83) showed inverse associations in this cohort; because matching balanced encou"
0.79,*not asserted*,-,unchecked,"Chronic pulmonary disease (0.85, 0.79-0.92) and mild liver disease (0.76, 0.69-0.83) showed inverse associations in this cohort; because matching balanced encou"
0.92,*not asserted*,-,unchecked,"Chronic pulmonary disease (0.85, 0.79-0.92) and mild liver disease (0.76, 0.69-0.83) showed inverse associations in this cohort; because matching balanced encou"
0.69,*not asserted*,-,unchecked,"Chronic pulmonary disease (0.85, 0.79-0.92) and mild liver disease (0.76, 0.69-0.83) showed inverse associations in this cohort; because matching balanced encou"
25000,*not asserted*,-,unchecked,"Compared with the 35000-99999 reference, lower-income strata were associated with elevated odds: <10000 AOR 1.46 (1.29-1.65), 10000-24999 1.37 (1.21-1.55), 2500"
34999,*not asserted*,-,unchecked,"Compared with the 35000-99999 reference, lower-income strata were associated with elevated odds: <10000 AOR 1.46 (1.29-1.65), 10000-24999 1.37 (1.21-1.55), 2500"
1.31,*not asserted*,-,unchecked,"Medicaid-insured participants were at higher odds than those with employer-provided insurance (AOR 1.59, 1.43-1.77), and those with no insurance or other covera"
1.52,*not asserted*,-,unchecked,"Medicaid-insured participants were at higher odds than those with employer-provided insurance (AOR 1.59, 1.43-1.77), and those with no insurance or other covera"
1.53,*not asserted*,-,unchecked,"Education below GED was associated with increased odds (AOR 1.35, 1.18-1.53); the ""never attended school"" estimate (AOR 3.35, 1.66-6.78) is imprecise given the "
3.35,*not asserted*,-,unchecked,"Education below GED was associated with increased odds (AOR 1.35, 1.18-1.53); the ""never attended school"" estimate (AOR 3.35, 1.66-6.78) is imprecise given the "
1.66,*not asserted*,-,unchecked,"Education below GED was associated with increased odds (AOR 1.35, 1.18-1.53); the ""never attended school"" estimate (AOR 3.35, 1.66-6.78) is imprecise given the "
6.78,*not asserted*,-,unchecked,"Education below GED was associated with increased odds (AOR 1.35, 1.18-1.53); the ""never attended school"" estimate (AOR 3.35, 1.66-6.78) is imprecise given the "
2.09,*not asserted*,-,unchecked,"Unemployment (1.41, 1.28-1.56), student status (1.61, 1.24-2.09), and non-employment (retired/other: 1.36, 1.22-1.51) were associated with higher odds of hospit"
0.05,*not asserted*,-,unchecked,*P < 0.05; **P < 0.01; ***P < 0.001.
0.01,*not asserted*,-,unchecked,*P < 0.05; **P < 0.01; ***P < 0.001.
1.42,*not asserted*,-,unchecked,"In the joint model, Medicaid insurance (AOR 1.33, 1.16-1.51), unemployment (1.23, 1.09-1.38), non-employment (1.26, 1.12-1.42), household income below 10000 (1."
1.98,*not asserted*,-,unchecked,"In the joint model, Medicaid insurance (AOR 1.33, 1.16-1.51), unemployment (1.23, 1.09-1.38), non-employment (1.26, 1.12-1.42), household income below 10000 (1."
1.15,*not asserted*,-,unchecked,"Other or no insurance coverage (1.15, 0.98-1.35) and income 25000-34999 (1.12, 0.96-1.31) likewise lost significance under mutual adjustment."
0.99,*not asserted*,-,unchecked,"Housing tenure recorded as “other” moved from null in the domain-specific model (0.99, 0.86-1.13) to a borderline inverse estimate under mutual adjustment (0.86"
65.4,*not asserted*,-,unchecked,"Disability showed an inverse association (0.86, 0.76-0.98), which should be interpreted cautiously given 65.4% missingness and the collapse of heterogeneous fun"
33,*not asserted*,-,unchecked,This is consistent with UK Biobank and integrated-care studies reporting similarly modest attenuation of the Black-race hospitalization coefficient when socioec
34,*not asserted*,-,unchecked,This is consistent with UK Biobank and integrated-care studies reporting similarly modest attenuation of the Black-race hospitalization coefficient when socioec
2.79,*not asserted*,-,unchecked,"The equivalent product of the domain-specific AORs is 2.79, so mutual adjustment reduces the combined contrast by roughly a third."
2087,*not asserted*,-,unchecked,"In the pre-Delta period (N = 2087 cases), income below 10000 was associated with AOR 1.49 (1.21-1.82)."
1333,*not asserted*,-,unchecked,"During Omicron (N = 1333 cases), when vaccines were available, income below 10000 carried AOR 1.64 (1.23-2.18, P < 0.001)."
0.001,*not asserted*,-,unchecked,"During Omicron (N = 1333 cases), when vaccines were available, income below 10000 carried AOR 1.64 (1.23-2.18, P < 0.001)."
644,*not asserted*,-,unchecked,"The Delta period (N = 644 cases) showed consistent direction (AOR 2.11, 1.10-4.03) but wide confidence intervals from the smaller stratum."
2.56,*not asserted*,-,unchecked,Period-based mediation work has reported income-related disparities persisting across variant transitions and treatment-landscape changes.[29] The Black-race as
3.51,*not asserted*,-,unchecked,Period-based mediation work has reported income-related disparities persisting across variant transitions and treatment-landscape changes.[29] The Black-race as
4.96,*not asserted*,-,unchecked,Period-based mediation work has reported income-related disparities persisting across variant transitions and treatment-landscape changes.[29] The Black-race as
1.34,*not asserted*,-,unchecked,Period-based mediation work has reported income-related disparities persisting across variant transitions and treatment-landscape changes.[29] The Black-race as
2.03,*not asserted*,-,unchecked,Period-based mediation work has reported income-related disparities persisting across variant transitions and treatment-landscape changes.[29] The Black-race as
2.64,*not asserted*,-,unchecked,"When all six SDoH domains were included in within-wave joint models, coefficient attenuation by individual socioeconomic factors was 11.5% during pre-Delta (AOR"
2.17,*not asserted*,-,unchecked,"When all six SDoH domains were included in within-wave joint models, coefficient attenuation by individual socioeconomic factors was 11.5% during pre-Delta (AOR"
1.71,*not asserted*,-,unchecked,"Medicaid was significantly associated with hospitalization in all three waves in domain-specific models (pre-Delta AOR 1.71; Delta 2.24; Omicron 1.46), but its "
2.24,*not asserted*,-,unchecked,"Medicaid was significantly associated with hospitalization in all three waves in domain-specific models (pre-Delta AOR 1.71; Delta 2.24; Omicron 1.46), but its "
0.78,*not asserted*,-,unchecked,"Medicaid was significantly associated with hospitalization in all three waves in domain-specific models (pre-Delta AOR 1.71; Delta 2.24; Omicron 1.46), but its "
3.45,*not asserted*,-,unchecked,"Medicaid was significantly associated with hospitalization in all three waves in domain-specific models (pre-Delta AOR 1.71; Delta 2.24; Omicron 1.46), but its "
0.196,*not asserted*,-,unchecked,"Medicaid was significantly associated with hospitalization in all three waves in domain-specific models (pre-Delta AOR 1.71; Delta 2.24; Omicron 1.46), but its "
0.84,*not asserted*,-,unchecked,"Medicaid was significantly associated with hospitalization in all three waves in domain-specific models (pre-Delta AOR 1.71; Delta 2.24; Omicron 1.46), but its "
0.420,*not asserted*,-,unchecked,"Medicaid was significantly associated with hospitalization in all three waves in domain-specific models (pre-Delta AOR 1.71; Delta 2.24; Omicron 1.46), but its "
1913,*not asserted*,-,unchecked,"Within-wave models retain only strata whose control index dates also fall in that wave, so the three wave models rest on 1913, 301, and 1105 strata rather than "
301,*not asserted*,-,unchecked,"Within-wave models retain only strata whose control index dates also fall in that wave, so the three wave models rest on 1913, 301, and 1105 strata rather than "
1105,*not asserted*,-,unchecked,"Within-wave models retain only strata whose control index dates also fall in that wave, so the three wave models rest on 1913, 301, and 1105 strata rather than "
693682,*not asserted*,-,unchecked,"Cross-cohort clinical-model comparison In the MarketScan cohort (N = 693682 matched observations; 139468 cases; Table 1), female sex, recorded vaccination, and "
35,*not asserted*,-,unchecked,"found Black race and obesity independently associated with clinical severity,[35] and Vaidya et al."
36,*not asserted*,-,unchecked,"First, it decomposes domain-specific signals that composite indices and separate-variable models cannot isolate: Choi et al.'s three-variable design11 did not i"
37,*not asserted*,-,unchecked,Patient-reported SDoH have been consistently associated with hospitalization in prior scoping reviews;[37] our contribution is identifying which domains remain 
38,*not asserted*,-,unchecked,The Medicaid finding (AOR 1.33) is consistent with cohort evidence that insurance type is associated with COVID-19 hospitalization beyond underlying health cond
39,*not asserted*,-,unchecked,The Medicaid finding (AOR 1.33) is consistent with cohort evidence that insurance type is associated with COVID-19 hospitalization beyond underlying health cond
40,*not asserted*,-,unchecked,The Medicaid finding (AOR 1.33) is consistent with cohort evidence that insurance type is associated with COVID-19 hospitalization beyond underlying health cond
41,*not asserted*,-,unchecked,This is consistent with UK Biobank evidence that socioeconomic deprivation and comorbidity adjustment attenuated only a modest portion of the excess COVID-19 ho
42,*not asserted*,-,unchecked,This is consistent with UK Biobank evidence that socioeconomic deprivation and comorbidity adjustment attenuated only a modest portion of the excess COVID-19 ho
43,*not asserted*,-,unchecked,This is consistent with UK Biobank evidence that socioeconomic deprivation and comorbidity adjustment attenuated only a modest portion of the excess COVID-19 ho
11.2,*not asserted*,-,unchecked,"In an 11.2-million-person Ontario cohort, income inequalities in COVID-19 death likewise persisted across the pandemic period; inequality in vaccination coverag"
56.9,*not asserted*,-,unchecked,"In an 11.2-million-person Ontario cohort, income inequalities in COVID-19 death likewise persisted across the pandemic period; inequality in vaccination coverag"
22.5,*not asserted*,-,unchecked,"In an 11.2-million-person Ontario cohort, income inequalities in COVID-19 death likewise persisted across the pandemic period; inequality in vaccination coverag"
91.3,*not asserted*,-,unchecked,"In an 11.2-million-person Ontario cohort, income inequalities in COVID-19 death likewise persisted across the pandemic period; inequality in vaccination coverag"
2.7,*not asserted*,-,unchecked,"Patient surveys detect socioeconomic risk in 8-41% of patients, compared with 0-2% in EHR-coded fields.[15] Across 2.7 billion US healthcare encounters, SDoH Z-"
0.5,*not asserted*,-,unchecked,"Patient surveys detect socioeconomic risk in 8-41% of patients, compared with 0-2% in EHR-coded fields.[15] Across 2.7 billion US healthcare encounters, SDoH Z-"
2.4,*not asserted*,-,unchecked,"Patient surveys detect socioeconomic risk in 8-41% of patients, compared with 0-2% in EHR-coded fields.[15] Across 2.7 billion US healthcare encounters, SDoH Z-"
44,*not asserted*,-,unchecked,"Patient surveys detect socioeconomic risk in 8-41% of patients, compared with 0-2% in EHR-coded fields.[15] Across 2.7 billion US healthcare encounters, SDoH Z-"
24.4,*not asserted*,-,unchecked,"Patient surveys detect socioeconomic risk in 8-41% of patients, compared with 0-2% in EHR-coded fields.[15] Across 2.7 billion US healthcare encounters, SDoH Z-"
2017,*not asserted*,-,unchecked,"Patient surveys detect socioeconomic risk in 8-41% of patients, compared with 0-2% in EHR-coded fields.[15] Across 2.7 billion US healthcare encounters, SDoH Z-"
45,*not asserted*,-,unchecked,"Patient surveys detect socioeconomic risk in 8-41% of patients, compared with 0-2% in EHR-coded fields.[15] Across 2.7 billion US healthcare encounters, SDoH Z-"
205,*not asserted*,-,unchecked,"The AIDS directional discordance (AoU inverse, MarketScan risk) may reflect the strict two-step AoU phenotype and small sample (N = 205 unique participants)."
46,*not asserted*,-,unchecked,Limitations All of Us is a volunteer cohort with higher health literacy and digital access than the general population.[46] The program deliberately oversampled
75,*not asserted*,-,unchecked,Limitations All of Us is a volunteer cohort with higher health literacy and digital access than the general population.[46] The program deliberately oversampled
26.7,*not asserted*,-,unchecked,"Income missingness was differential (26.7% cases vs 19.8% controls), and the missing-income category itself carried elevated odds (Table 3)."
19.8,*not asserted*,-,unchecked,"Income missingness was differential (26.7% cases vs 19.8% controls), and the missing-income category itself carried elevated odds (Table 3)."
2.6,*not asserted*,-,unchecked,Our hospitalization rate (16.2%) exceeds the 2.6% reported by Choi et al.
16037,*not asserted*,-,unchecked,"ACKNOWLEDGMENTS The All of Us Research Program was supported by the National Institutes of Health, Office of the Director: Regional Medical Centers: 1 OT2 OD026"
2022,*not asserted*,-,unchecked,Int J Public Health 2022;67:1604542 doi: 10.3389/ijph.2022.1604542 [published Online First: 20220405].
67,*not asserted*,-,unchecked,Int J Public Health 2022;67:1604542 doi: 10.3389/ijph.2022.1604542 [published Online First: 20220405].
1604542,*not asserted*,-,unchecked,Int J Public Health 2022;67:1604542 doi: 10.3389/ijph.2022.1604542 [published Online First: 20220405].
10.3389,*not asserted*,-,unchecked,Int J Public Health 2022;67:1604542 doi: 10.3389/ijph.2022.1604542 [published Online First: 20220405].
20220405,*not asserted*,-,unchecked,Int J Public Health 2022;67:1604542 doi: 10.3389/ijph.2022.1604542 [published Online First: 20220405].
10.1001,*not asserted*,-,unchecked,JAMA Netw Open 2021;4(10):e2130479 doi: 10.1001/jamanetworkopen.2021.30479 [published Online First: 20211001].
20211001,*not asserted*,-,unchecked,JAMA Netw Open 2021;4(10):e2130479 doi: 10.1001/jamanetworkopen.2021.30479 [published Online First: 20211001].
70,*not asserted*,-,unchecked,MMWR Morb Mortal Wkly Rep 2021;70(15):560-65 doi: 10.15585/mmwr.mm7015e2 [published Online First: 20210416].
560,*not asserted*,-,unchecked,MMWR Morb Mortal Wkly Rep 2021;70(15):560-65 doi: 10.15585/mmwr.mm7015e2 [published Online First: 20210416].
10.15585,*not asserted*,-,unchecked,MMWR Morb Mortal Wkly Rep 2021;70(15):560-65 doi: 10.15585/mmwr.mm7015e2 [published Online First: 20210416].
20210416,*not asserted*,-,unchecked,MMWR Morb Mortal Wkly Rep 2021;70(15):560-65 doi: 10.15585/mmwr.mm7015e2 [published Online First: 20210416].
05015,*not asserted*,-,unchecked,J Glob Health 2021;11:05015 doi: 10.7189/jogh.11.05015 [published Online First: 20210626].
10.7189,*not asserted*,-,unchecked,J Glob Health 2021;11:05015 doi: 10.7189/jogh.11.05015 [published Online First: 20210626].
20210626,*not asserted*,-,unchecked,J Glob Health 2021;11:05015 doi: 10.7189/jogh.11.05015 [published Online First: 20210626].
20210104,*not asserted*,-,unchecked,JAMA Netw Open 2021;4(1):e2036462 doi: 10.1001/jamanetworkopen.2020.36462 [published Online First: 20210104].
1746,*not asserted*,-,unchecked,Sci Rep 2023;13(1):1746 doi: 10.1038/s41598-023-28362-0 [published Online First: 20230131].
10.1038,*not asserted*,-,unchecked,Sci Rep 2023;13(1):1746 doi: 10.1038/s41598-023-28362-0 [published Online First: 20230131].
023,*not asserted*,-,unchecked,Sci Rep 2023;13(1):1746 doi: 10.1038/s41598-023-28362-0 [published Online First: 20230131].
28362,*not asserted*,-,unchecked,Sci Rep 2023;13(1):1746 doi: 10.1038/s41598-023-28362-0 [published Online First: 20230131].
20230131,*not asserted*,-,unchecked,Sci Rep 2023;13(1):1746 doi: 10.1038/s41598-023-28362-0 [published Online First: 20230131].
1163,*not asserted*,-,unchecked,Am J Prev Med 2023;65(6):1163-71 doi: 10.1016/j.amepre.2023.06.006 [published Online First: 20230610].
71,*not asserted*,-,unchecked,Am J Prev Med 2023;65(6):1163-71 doi: 10.1016/j.amepre.2023.06.006 [published Online First: 20230610].
10.1016,*not asserted*,-,unchecked,Am J Prev Med 2023;65(6):1163-71 doi: 10.1016/j.amepre.2023.06.006 [published Online First: 20230610].
20230610,*not asserted*,-,unchecked,Am J Prev Med 2023;65(6):1163-71 doi: 10.1016/j.amepre.2023.06.006 [published Online First: 20230610].
10.1017,*not asserted*,-,unchecked,J Clin Transl Sci 2023;7(1):e257 doi: 10.1017/cts.2023.680 [published Online First: 20231110].
20231110,*not asserted*,-,unchecked,J Clin Transl Sci 2023;7(1):e257 doi: 10.1017/cts.2023.680 [published Online First: 20231110].
2025,*not asserted*,-,unchecked,Front Public Health 2025;13:1690430 doi: 10.3389/fpubh.2025.1690430 [published Online First: 20251210].
1690430,*not asserted*,-,unchecked,Front Public Health 2025;13:1690430 doi: 10.3389/fpubh.2025.1690430 [published Online First: 20251210].
20251210,*not asserted*,-,unchecked,Front Public Health 2025;13:1690430 doi: 10.3389/fpubh.2025.1690430 [published Online First: 20251210].
2232,*not asserted*,-,unchecked,J Clin Oncol 2021;39(20):2232-46 doi: 10.1200/jco.21.01074 [published Online First: 20210604].
10.1200,*not asserted*,-,unchecked,J Clin Oncol 2021;39(20):2232-46 doi: 10.1200/jco.21.01074 [published Online First: 20210604].
20210604,*not asserted*,-,unchecked,J Clin Oncol 2021;39(20):2232-46 doi: 10.1200/jco.21.01074 [published Online First: 20210604].
1414,*not asserted*,-,unchecked,J Clin Oncol 2022;40(13):1414-27 doi: 10.1200/jco.21.02419 [published Online First: 20220314].
20220314,*not asserted*,-,unchecked,J Clin Oncol 2022;40(13):1414-27 doi: 10.1200/jco.21.02419 [published Online First: 20220314].
2016,*not asserted*,-,unchecked,"Use Of Social Determinants Of Health Z Codes Was Sparse, 2016-22."
631,*not asserted*,-,unchecked,Health Aff (Millwood) 2025;44(5):631-35 doi: 10.1377/hlthaff.2024.01033.
10.1377,*not asserted*,-,unchecked,Health Aff (Millwood) 2025;44(5):631-35 doi: 10.1377/hlthaff.2024.01033.
2024,*not asserted*,-,unchecked,J Am Med Inform Assoc 2024;31(3):714-19 doi: 10.1093/jamia/ocad261.
714,*not asserted*,-,unchecked,J Am Med Inform Assoc 2024;31(3):714-19 doi: 10.1093/jamia/ocad261.
10.1093,*not asserted*,-,unchecked,J Am Med Inform Assoc 2024;31(3):714-19 doi: 10.1093/jamia/ocad261.
20240521,*not asserted*,-,unchecked,J Clin Transl Sci 2024;8(1):e107 doi: 10.1017/cts.2024.550 [published Online First: 20240521].
105,*not asserted*,-,unchecked,Epidemiology 2022;33(1):105-13 doi: 10.1097/ede.0000000000001432.
10.1097,*not asserted*,-,unchecked,Epidemiology 2022;33(1):105-13 doi: 10.1097/ede.0000000000001432.
2932,*not asserted*,-,unchecked,J Am Med Inform Assoc 2024;31(12):2932-39 doi: 10.1093/jamia/ocae256.
2019,*not asserted*,-,unchecked,N Engl J Med 2019;381(7):668-76 doi: 10.1056/NEJMsr1809937.
381,*not asserted*,-,unchecked,N Engl J Med 2019;381(7):668-76 doi: 10.1056/NEJMsr1809937.
668,*not asserted*,-,unchecked,N Engl J Med 2019;381(7):668-76 doi: 10.1056/NEJMsr1809937.
76,*not asserted*,-,unchecked,N Engl J Med 2019;381(7):668-76 doi: 10.1056/NEJMsr1809937.
10.1056,*not asserted*,-,unchecked,N Engl J Med 2019;381(7):668-76 doi: 10.1056/NEJMsr1809937.
10.1371,*not asserted*,-,unchecked,PLoS One 2020;15(7):e0234962 doi: 10.1371/journal.pone.0234962 [published Online First: 20200701].
20200701,*not asserted*,-,unchecked,PLoS One 2020;15(7):e0234962 doi: 10.1371/journal.pone.0234962 [published Online First: 20200701].
8815,*not asserted*,-,unchecked,Sci Rep 2024;14(1):8815 doi: 10.1038/s41598-024-57410-6 [published Online First: 20240416].
024,*not asserted*,-,unchecked,Sci Rep 2024;14(1):8815 doi: 10.1038/s41598-024-57410-6 [published Online First: 20240416].
57410,*not asserted*,-,unchecked,Sci Rep 2024;14(1):8815 doi: 10.1038/s41598-024-57410-6 [published Online First: 20240416].
20240416,*not asserted*,-,unchecked,Sci Rep 2024;14(1):8815 doi: 10.1038/s41598-024-57410-6 [published Online First: 20240416].
2011,*not asserted*,-,unchecked,Journal of Statistical Software 2011;42(8):1 - 28 doi: 10.18637/jss.v042.i08.
10.18637,*not asserted*,-,unchecked,Journal of Statistical Software 2011;42(8):1 - 28 doi: 10.18637/jss.v042.i08.
150,*not asserted*,-,unchecked,Pharm Stat 2011;10(2):150-61 doi: 10.1002/pst.433.
61,*not asserted*,-,unchecked,Pharm Stat 2011;10(2):150-61 doi: 10.1002/pst.433.
10.1002,*not asserted*,-,unchecked,Pharm Stat 2011;10(2):150-61 doi: 10.1002/pst.433.
184,*not asserted*,-,unchecked,Am J Epidemiol 2016;184(11):847-55 doi: 10.1093/aje/kww112 [published Online First: 20161116].
847,*not asserted*,-,unchecked,Am J Epidemiol 2016;184(11):847-55 doi: 10.1093/aje/kww112 [published Online First: 20161116].
20161116,*not asserted*,-,unchecked,Am J Epidemiol 2016;184(11):847-55 doi: 10.1093/aje/kww112 [published Online First: 20161116].
1191,*not asserted*,-,unchecked,J Am Med Inform Assoc 2022;29(7):1191-99 doi: 10.1093/jamia/ocac050.
99,*not asserted*,-,unchecked,J Am Med Inform Assoc 2022;29(7):1191-99 doi: 10.1093/jamia/ocac050.
2026,*not asserted*,-,unchecked,https://www.cdc.gov/covid/php/covid-net/index.html (accessed 1 Sep 2026).
188,*not asserted*,-,unchecked,Am Health Drug Benefits 2019;12(4):188-97.
1623,*not asserted*,-,unchecked,Stat Med 2020;39(11):1623-40 doi: 10.1002/sim.8502 [published Online First: 20200228].
20200228,*not asserted*,-,unchecked,Stat Med 2020;39(11):1623-40 doi: 10.1002/sim.8502 [published Online First: 20200228].
194,*not asserted*,-,unchecked,Am J Epidemiol 2025;194(5):1352-61 doi: 10.1093/aje/kwae266.
1352,*not asserted*,-,unchecked,Am J Epidemiol 2025;194(5):1352-61 doi: 10.1093/aje/kwae266.
195,*not asserted*,-,unchecked,American Journal of Epidemiology 2026;195(2):379-90 doi: 10.1093/aje/kwaf051.
379,*not asserted*,-,unchecked,American Journal of Epidemiology 2026;195(2):379-90 doi: 10.1093/aje/kwaf051.
90,*not asserted*,-,unchecked,American Journal of Epidemiology 2026;195(2):379-90 doi: 10.1093/aje/kwaf051.
1993,*not asserted*,-,unchecked,Am J Epidemiol 1993;138(11):923-36 doi: 10.1093/oxfordjournals.aje.a116813.
138,*not asserted*,-,unchecked,Am J Epidemiol 1993;138(11):923-36 doi: 10.1093/oxfordjournals.aje.a116813.
923,*not asserted*,-,unchecked,Am J Epidemiol 1993;138(11):923-36 doi: 10.1093/oxfordjournals.aje.a116813.
501,*not asserted*,-,unchecked,Annual Review of Statistics and Its Application 2023;10:501-24 doi: 10.1146/annurev-statistics-042522-103837.
10.1146,*not asserted*,-,unchecked,Annual Review of Statistics and Its Application 2023;10:501-24 doi: 10.1146/annurev-statistics-042522-103837.
042522,*not asserted*,-,unchecked,Annual Review of Statistics and Its Application 2023;10:501-24 doi: 10.1146/annurev-statistics-042522-103837.
114,*not asserted*,-,unchecked,Int J Equity Health 2020;19(1):114 doi: 10.1186/s12939-020-01227-y [published Online First: 20200706].
10.1186,*not asserted*,-,unchecked,Int J Equity Health 2020;19(1):114 doi: 10.1186/s12939-020-01227-y [published Online First: 20200706].
020,*not asserted*,-,unchecked,Int J Equity Health 2020;19(1):114 doi: 10.1186/s12939-020-01227-y [published Online First: 20200706].
01227,*not asserted*,-,unchecked,Int J Equity Health 2020;19(1):114 doi: 10.1186/s12939-020-01227-y [published Online First: 20200706].
20200706,*not asserted*,-,unchecked,Int J Equity Health 2020;19(1):114 doi: 10.1186/s12939-020-01227-y [published Online First: 20200706].
543,*not asserted*,-,unchecked,J Racial Ethn Health Disparities 2025;12(1):543-53 doi: 10.1007/s40615-023-01894-x [published Online First: 20231218].
53,*not asserted*,-,unchecked,J Racial Ethn Health Disparities 2025;12(1):543-53 doi: 10.1007/s40615-023-01894-x [published Online First: 20231218].
10.1007,*not asserted*,-,unchecked,J Racial Ethn Health Disparities 2025;12(1):543-53 doi: 10.1007/s40615-023-01894-x [published Online First: 20231218].
01894,*not asserted*,-,unchecked,J Racial Ethn Health Disparities 2025;12(1):543-53 doi: 10.1007/s40615-023-01894-x [published Online First: 20231218].
20231218,*not asserted*,-,unchecked,J Racial Ethn Health Disparities 2025;12(1):543-53 doi: 10.1007/s40615-023-01894-x [published Online First: 20231218].
20210701,*not asserted*,-,unchecked,JAMA Netw Open 2021;4(7):e2116901 doi: 10.1001/jamanetworkopen.2021.16901 [published Online First: 20210701].
10.1101,*not asserted*,-,unchecked,medRxiv 2024 doi: 10.1101/2024.10.04.24314904.
20230222,*not asserted*,-,unchecked,Health Sci Rep 2023;6(2):e1124 doi: 10.1002/hsr2.1124 [published Online First: 20230222].
100120,*not asserted*,-,unchecked,AJPM Focus 2023;2(3):100120 doi: 10.1016/j.focus.2023.100120 [published Online First: 20230612].
20230612,*not asserted*,-,unchecked,AJPM Focus 2023;2(3):100120 doi: 10.1016/j.focus.2023.100120 [published Online First: 20230612].
20210813,*not asserted*,-,unchecked,JAMA Health Forum 2021;2(8):e212007 doi: 10.1001/jamahealthforum.2021.2007 [published Online First: 20210813].
190,*not asserted*,-,unchecked,Am J Epidemiol 2021;190(12):2503-10 doi: 10.1093/aje/kwab196.
2503,*not asserted*,-,unchecked,Am J Epidemiol 2021;190(12):2503-10 doi: 10.1093/aje/kwab196.
2014,*not asserted*,-,unchecked,Epidemiology 2014;25(4):473-84 doi: 10.1097/ede.0000000000000105.
473,*not asserted*,-,unchecked,Epidemiology 2014;25(4):473-84 doi: 10.1097/ede.0000000000000105.
84,*not asserted*,-,unchecked,Epidemiology 2014;25(4):473-84 doi: 10.1097/ede.0000000000000105.
1997,*not asserted*,-,unchecked,Epidemiology 1997;8(6):621-8.
621,*not asserted*,-,unchecked,Epidemiology 1997;8(6):621-8.
1925,*not asserted*,-,unchecked,Stat Methods Med Res 2016;25(5):1925-37 doi: 10.1177/0962280213505804.
10.1177,*not asserted*,-,unchecked,Stat Methods Med Res 2016;25(5):1925-37 doi: 10.1177/0962280213505804.
20240412,*not asserted*,-,unchecked,Health Aff Sch 2024;2(4):qxae046 doi: 10.1093/haschl/qxae046 [published Online First: 20240412].
20190904,*not asserted*,-,unchecked,JAMA Netw Open 2019;2(9):e1911514 doi: 10.1001/jamanetworkopen.2019.11514 [published Online First: 20190904].
20250418,*not asserted*,-,unchecked,medRxiv 2025 doi: 10.1101/2024.10.02.24314774 [published Online First: 20250418].
21096,*not asserted*,-,unchecked,"(a) All of Us: 413457 participants narrowing to 25160 COVID-positive, then to 4064 hospitalized cases and 21096 outpatient controls, matched up to 1:4 (19920 ob"
388,*not asserted*,-,unchecked,"(a) All of Us: 413457 participants narrowing to 25160 COVID-positive, then to 4064 hospitalized cases and 21096 outpatient controls, matched up to 1:4 (19920 ob"
4423200,*not asserted*,-,unchecked,"(b) MarketScan: 4423200 COVID-positive narrowing to 139472 hospitalized, matched 1:4 (693682 observations in 139468 strata; 554214 control observations from 465"
139472,*not asserted*,-,unchecked,"(b) MarketScan: 4423200 COVID-positive narrowing to 139472 hospitalized, matched 1:4 (693682 observations in 139468 strata; 554214 control observations from 465"
465670,*not asserted*,-,unchecked,"(b) MarketScan: 4423200 COVID-positive narrowing to 139472 hospitalized, matched 1:4 (693682 observations in 139468 strata; 554214 control observations from 465"
4283728,*not asserted*,-,unchecked,"Panel (b) shows MarketScan: 4423200 COVID-positive narrowing to 139472 hospitalized cases and 4283728 outpatient controls, matched to 693682 observations in 139"
2.85,*not asserted*,-,unchecked,"Estimates and 95% CIs are listed at right and in Table 3; missing-indicator categories are modeled but omitted for clarity, and the “never attended school” educ"
15856139468554214,*not asserted*,-,unchecked,All of Us All of Us MarketScanᶜ MarketScanᶜ Characteristic Cases Controls Cases Controls N 4064 15856139468554214 Sex Female 2441 (60.1) 10834 (68.3) 67914 (48.
2441,*not asserted*,-,unchecked,All of Us All of Us MarketScanᶜ MarketScanᶜ Characteristic Cases Controls Cases Controls N 4064 15856139468554214 Sex Female 2441 (60.1) 10834 (68.3) 67914 (48.
60.1,*not asserted*,-,unchecked,All of Us All of Us MarketScanᶜ MarketScanᶜ Characteristic Cases Controls Cases Controls N 4064 15856139468554214 Sex Female 2441 (60.1) 10834 (68.3) 67914 (48.
10834,*not asserted*,-,unchecked,All of Us All of Us MarketScanᶜ MarketScanᶜ Characteristic Cases Controls Cases Controls N 4064 15856139468554214 Sex Female 2441 (60.1) 10834 (68.3) 67914 (48.
68.3,*not asserted*,-,unchecked,All of Us All of Us MarketScanᶜ MarketScanᶜ Characteristic Cases Controls Cases Controls N 4064 15856139468554214 Sex Female 2441 (60.1) 10834 (68.3) 67914 (48.
67914,*not asserted*,-,unchecked,All of Us All of Us MarketScanᶜ MarketScanᶜ Characteristic Cases Controls Cases Controls N 4064 15856139468554214 Sex Female 2441 (60.1) 10834 (68.3) 67914 (48.
48.7,*not asserted*,-,unchecked,All of Us All of Us MarketScanᶜ MarketScanᶜ Characteristic Cases Controls Cases Controls N 4064 15856139468554214 Sex Female 2441 (60.1) 10834 (68.3) 67914 (48.
375330,*not asserted*,-,unchecked,All of Us All of Us MarketScanᶜ MarketScanᶜ Characteristic Cases Controls Cases Controls N 4064 15856139468554214 Sex Female 2441 (60.1) 10834 (68.3) 67914 (48.
67.7,*not asserted*,-,unchecked,All of Us All of Us MarketScanᶜ MarketScanᶜ Characteristic Cases Controls Cases Controls N 4064 15856139468554214 Sex Female 2441 (60.1) 10834 (68.3) 67914 (48.
1586,*not asserted*,-,unchecked,All of Us All of Us MarketScanᶜ MarketScanᶜ Characteristic Cases Controls Cases Controls N 4064 15856139468554214 Sex Female 2441 (60.1) 10834 (68.3) 67914 (48.
4854,*not asserted*,-,unchecked,All of Us All of Us MarketScanᶜ MarketScanᶜ Characteristic Cases Controls Cases Controls N 4064 15856139468554214 Sex Female 2441 (60.1) 10834 (68.3) 67914 (48.
71554,*not asserted*,-,unchecked,All of Us All of Us MarketScanᶜ MarketScanᶜ Characteristic Cases Controls Cases Controls N 4064 15856139468554214 Sex Female 2441 (60.1) 10834 (68.3) 67914 (48.
51.3,*not asserted*,-,unchecked,All of Us All of Us MarketScanᶜ MarketScanᶜ Characteristic Cases Controls Cases Controls N 4064 15856139468554214 Sex Female 2441 (60.1) 10834 (68.3) 67914 (48.
178884,*not asserted*,-,unchecked,All of Us All of Us MarketScanᶜ MarketScanᶜ Characteristic Cases Controls Cases Controls N 4064 15856139468554214 Sex Female 2441 (60.1) 10834 (68.3) 67914 (48.
32.3,*not asserted*,-,unchecked,All of Us All of Us MarketScanᶜ MarketScanᶜ Characteristic Cases Controls Cases Controls N 4064 15856139468554214 Sex Female 2441 (60.1) 10834 (68.3) 67914 (48.
0.9,*not asserted*,-,unchecked,All of Us All of Us MarketScanᶜ MarketScanᶜ Characteristic Cases Controls Cases Controls N 4064 15856139468554214 Sex Female 2441 (60.1) 10834 (68.3) 67914 (48.
168,*not asserted*,-,unchecked,All of Us All of Us MarketScanᶜ MarketScanᶜ Characteristic Cases Controls Cases Controls N 4064 15856139468554214 Sex Female 2441 (60.1) 10834 (68.3) 67914 (48.
1.1,*not asserted*,-,unchecked,All of Us All of Us MarketScanᶜ MarketScanᶜ Characteristic Cases Controls Cases Controls N 4064 15856139468554214 Sex Female 2441 (60.1) 10834 (68.3) 67914 (48.
1726,*not asserted*,-,unchecked,All of Us All of Us MarketScanᶜ MarketScanᶜ Characteristic Cases Controls Cases Controls N 4064 15856139468554214 Sex Female 2441 (60.1) 10834 (68.3) 67914 (48.
42.5,*not asserted*,-,unchecked,All of Us All of Us MarketScanᶜ MarketScanᶜ Characteristic Cases Controls Cases Controls N 4064 15856139468554214 Sex Female 2441 (60.1) 10834 (68.3) 67914 (48.
8644,*not asserted*,-,unchecked,All of Us All of Us MarketScanᶜ MarketScanᶜ Characteristic Cases Controls Cases Controls N 4064 15856139468554214 Sex Female 2441 (60.1) 10834 (68.3) 67914 (48.
54.5,*not asserted*,-,unchecked,All of Us All of Us MarketScanᶜ MarketScanᶜ Characteristic Cases Controls Cases Controls N 4064 15856139468554214 Sex Female 2441 (60.1) 10834 (68.3) 67914 (48.
1217,*not asserted*,-,unchecked,All of Us All of Us MarketScanᶜ MarketScanᶜ Characteristic Cases Controls Cases Controls N 4064 15856139468554214 Sex Female 2441 (60.1) 10834 (68.3) 67914 (48.
2833,*not asserted*,-,unchecked,All of Us All of Us MarketScanᶜ MarketScanᶜ Characteristic Cases Controls Cases Controls N 4064 15856139468554214 Sex Female 2441 (60.1) 10834 (68.3) 67914 (48.
62,*not asserted*,-,unchecked,All of Us All of Us MarketScanᶜ MarketScanᶜ Characteristic Cases Controls Cases Controls N 4064 15856139468554214 Sex Female 2441 (60.1) 10834 (68.3) 67914 (48.
1.5,*not asserted*,-,unchecked,All of Us All of Us MarketScanᶜ MarketScanᶜ Characteristic Cases Controls Cases Controls N 4064 15856139468554214 Sex Female 2441 (60.1) 10834 (68.3) 67914 (48.
260,*not asserted*,-,unchecked,All of Us All of Us MarketScanᶜ MarketScanᶜ Characteristic Cases Controls Cases Controls N 4064 15856139468554214 Sex Female 2441 (60.1) 10834 (68.3) 67914 (48.
1.6,*not asserted*,-,unchecked,All of Us All of Us MarketScanᶜ MarketScanᶜ Characteristic Cases Controls Cases Controls N 4064 15856139468554214 Sex Female 2441 (60.1) 10834 (68.3) 67914 (48.
1059,*not asserted*,-,unchecked,All of Us All of Us MarketScanᶜ MarketScanᶜ Characteristic Cases Controls Cases Controls N 4064 15856139468554214 Sex Female 2441 (60.1) 10834 (68.3) 67914 (48.
26.1,*not asserted*,-,unchecked,All of Us All of Us MarketScanᶜ MarketScanᶜ Characteristic Cases Controls Cases Controls N 4064 15856139468554214 Sex Female 2441 (60.1) 10834 (68.3) 67914 (48.
4119,*not asserted*,-,unchecked,All of Us All of Us MarketScanᶜ MarketScanᶜ Characteristic Cases Controls Cases Controls N 4064 15856139468554214 Sex Female 2441 (60.1) 10834 (68.3) 67914 (48.
26.0,*not asserted*,-,unchecked,All of Us All of Us MarketScanᶜ MarketScanᶜ Characteristic Cases Controls Cases Controls N 4064 15856139468554214 Sex Female 2441 (60.1) 10834 (68.3) 67914 (48.
3013,*not asserted*,-,unchecked,All of Us All of Us MarketScanᶜ MarketScanᶜ Characteristic Cases Controls Cases Controls N 4064 15856139468554214 Sex Female 2441 (60.1) 10834 (68.3) 67914 (48.
74.1,*not asserted*,-,unchecked,All of Us All of Us MarketScanᶜ MarketScanᶜ Characteristic Cases Controls Cases Controls N 4064 15856139468554214 Sex Female 2441 (60.1) 10834 (68.3) 67914 (48.
11727,*not asserted*,-,unchecked,All of Us All of Us MarketScanᶜ MarketScanᶜ Characteristic Cases Controls Cases Controls N 4064 15856139468554214 Sex Female 2441 (60.1) 10834 (68.3) 67914 (48.
74.0,*not asserted*,-,unchecked,All of Us All of Us MarketScanᶜ MarketScanᶜ Characteristic Cases Controls Cases Controls N 4064 15856139468554214 Sex Female 2441 (60.1) 10834 (68.3) 67914 (48.
919,*not asserted*,-,unchecked,All of Us All of Us MarketScanᶜ MarketScanᶜ Characteristic Cases Controls Cases Controls N 4064 15856139468554214 Sex Female 2441 (60.1) 10834 (68.3) 67914 (48.
22.6,*not asserted*,-,unchecked,All of Us All of Us MarketScanᶜ MarketScanᶜ Characteristic Cases Controls Cases Controls N 4064 15856139468554214 Sex Female 2441 (60.1) 10834 (68.3) 67914 (48.
3670,*not asserted*,-,unchecked,All of Us All of Us MarketScanᶜ MarketScanᶜ Characteristic Cases Controls Cases Controls N 4064 15856139468554214 Sex Female 2441 (60.1) 10834 (68.3) 67914 (48.
23.1,*not asserted*,-,unchecked,All of Us All of Us MarketScanᶜ MarketScanᶜ Characteristic Cases Controls Cases Controls N 4064 15856139468554214 Sex Female 2441 (60.1) 10834 (68.3) 67914 (48.
132,*not asserted*,-,unchecked,All of Us All of Us MarketScanᶜ MarketScanᶜ Characteristic Cases Controls Cases Controls N 4064 15856139468554214 Sex Female 2441 (60.1) 10834 (68.3) 67914 (48.
3.2,*not asserted*,-,unchecked,All of Us All of Us MarketScanᶜ MarketScanᶜ Characteristic Cases Controls Cases Controls N 4064 15856139468554214 Sex Female 2441 (60.1) 10834 (68.3) 67914 (48.
459,*not asserted*,-,unchecked,All of Us All of Us MarketScanᶜ MarketScanᶜ Characteristic Cases Controls Cases Controls N 4064 15856139468554214 Sex Female 2441 (60.1) 10834 (68.3) 67914 (48.
2.9,*not asserted*,-,unchecked,All of Us All of Us MarketScanᶜ MarketScanᶜ Characteristic Cases Controls Cases Controls N 4064 15856139468554214 Sex Female 2441 (60.1) 10834 (68.3) 67914 (48.
45920,*not asserted*,-,unchecked,All of Us All of Us MarketScanᶜ MarketScanᶜ Characteristic Cases Controls Cases Controls N 4064 15856139468554214 Sex Female 2441 (60.1) 10834 (68.3) 67914 (48.
4624,*not asserted*,-,unchecked,All of Us All of Us MarketScanᶜ MarketScanᶜ Characteristic Cases Controls Cases Controls N 4064 15856139468554214 Sex Female 2441 (60.1) 10834 (68.3) 67914 (48.
29.2,*not asserted*,-,unchecked,All of Us All of Us MarketScanᶜ MarketScanᶜ Characteristic Cases Controls Cases Controls N 4064 15856139468554214 Sex Female 2441 (60.1) 10834 (68.3) 67914 (48.
53369,*not asserted*,-,unchecked,All of Us All of Us MarketScanᶜ MarketScanᶜ Characteristic Cases Controls Cases Controls N 4064 15856139468554214 Sex Female 2441 (60.1) 10834 (68.3) 67914 (48.
38.3,*not asserted*,-,unchecked,All of Us All of Us MarketScanᶜ MarketScanᶜ Characteristic Cases Controls Cases Controls N 4064 15856139468554214 Sex Female 2441 (60.1) 10834 (68.3) 67914 (48.
284866,*not asserted*,-,unchecked,All of Us All of Us MarketScanᶜ MarketScanᶜ Characteristic Cases Controls Cases Controls N 4064 15856139468554214 Sex Female 2441 (60.1) 10834 (68.3) 67914 (48.
51.4,*not asserted*,-,unchecked,All of Us All of Us MarketScanᶜ MarketScanᶜ Characteristic Cases Controls Cases Controls N 4064 15856139468554214 Sex Female 2441 (60.1) 10834 (68.3) 67914 (48.
54639,*not asserted*,-,unchecked,All of Us All of Us MarketScanᶜ MarketScanᶜ Characteristic Cases Controls Cases Controls N 4064 15856139468554214 Sex Female 2441 (60.1) 10834 (68.3) 67914 (48.
15.7,*not asserted*,-,unchecked,All of Us All of Us MarketScanᶜ MarketScanᶜ Characteristic Cases Controls Cases Controls N 4064 15856139468554214 Sex Female 2441 (60.1) 10834 (68.3) 67914 (48.
2901,*not asserted*,-,unchecked,All of Us All of Us MarketScanᶜ MarketScanᶜ Characteristic Cases Controls Cases Controls N 4064 15856139468554214 Sex Female 2441 (60.1) 10834 (68.3) 67914 (48.
18.3,*not asserted*,-,unchecked,All of Us All of Us MarketScanᶜ MarketScanᶜ Characteristic Cases Controls Cases Controls N 4064 15856139468554214 Sex Female 2441 (60.1) 10834 (68.3) 67914 (48.
37833,*not asserted*,-,unchecked,All of Us All of Us MarketScanᶜ MarketScanᶜ Characteristic Cases Controls Cases Controls N 4064 15856139468554214 Sex Female 2441 (60.1) 10834 (68.3) 67914 (48.
27.1,*not asserted*,-,unchecked,All of Us All of Us MarketScanᶜ MarketScanᶜ Characteristic Cases Controls Cases Controls N 4064 15856139468554214 Sex Female 2441 (60.1) 10834 (68.3) 67914 (48.
130590,*not asserted*,-,unchecked,All of Us All of Us MarketScanᶜ MarketScanᶜ Characteristic Cases Controls Cases Controls N 4064 15856139468554214 Sex Female 2441 (60.1) 10834 (68.3) 67914 (48.
23.6,*not asserted*,-,unchecked,All of Us All of Us MarketScanᶜ MarketScanᶜ Characteristic Cases Controls Cases Controls N 4064 15856139468554214 Sex Female 2441 (60.1) 10834 (68.3) 67914 (48.
1055,*not asserted*,-,unchecked,All of Us All of Us MarketScanᶜ MarketScanᶜ Characteristic Cases Controls Cases Controls N 4064 15856139468554214 Sex Female 2441 (60.1) 10834 (68.3) 67914 (48.
3492,*not asserted*,-,unchecked,All of Us All of Us MarketScanᶜ MarketScanᶜ Characteristic Cases Controls Cases Controls N 4064 15856139468554214 Sex Female 2441 (60.1) 10834 (68.3) 67914 (48.
22.0,*not asserted*,-,unchecked,All of Us All of Us MarketScanᶜ MarketScanᶜ Characteristic Cases Controls Cases Controls N 4064 15856139468554214 Sex Female 2441 (60.1) 10834 (68.3) 67914 (48.
47908,*not asserted*,-,unchecked,All of Us All of Us MarketScanᶜ MarketScanᶜ Characteristic Cases Controls Cases Controls N 4064 15856139468554214 Sex Female 2441 (60.1) 10834 (68.3) 67914 (48.
34.4,*not asserted*,-,unchecked,All of Us All of Us MarketScanᶜ MarketScanᶜ Characteristic Cases Controls Cases Controls N 4064 15856139468554214 Sex Female 2441 (60.1) 10834 (68.3) 67914 (48.
137688,*not asserted*,-,unchecked,All of Us All of Us MarketScanᶜ MarketScanᶜ Characteristic Cases Controls Cases Controls N 4064 15856139468554214 Sex Female 2441 (60.1) 10834 (68.3) 67914 (48.
24.8,*not asserted*,-,unchecked,All of Us All of Us MarketScanᶜ MarketScanᶜ Characteristic Cases Controls Cases Controls N 4064 15856139468554214 Sex Female 2441 (60.1) 10834 (68.3) 67914 (48.
1450,*not asserted*,-,unchecked,All of Us All of Us MarketScanᶜ MarketScanᶜ Characteristic Cases Controls Cases Controls N 4064 15856139468554214 Sex Female 2441 (60.1) 10834 (68.3) 67914 (48.
4839,*not asserted*,-,unchecked,All of Us All of Us MarketScanᶜ MarketScanᶜ Characteristic Cases Controls Cases Controls N 4064 15856139468554214 Sex Female 2441 (60.1) 10834 (68.3) 67914 (48.
358,*not asserted*,-,unchecked,All of Us All of Us MarketScanᶜ MarketScanᶜ Characteristic Cases Controls Cases Controls N 4064 15856139468554214 Sex Female 2441 (60.1) 10834 (68.3) 67914 (48.
0.3,*not asserted*,-,unchecked,All of Us All of Us MarketScanᶜ MarketScanᶜ Characteristic Cases Controls Cases Controls N 4064 15856139468554214 Sex Female 2441 (60.1) 10834 (68.3) 67914 (48.
1070,*not asserted*,-,unchecked,All of Us All of Us MarketScanᶜ MarketScanᶜ Characteristic Cases Controls Cases Controls N 4064 15856139468554214 Sex Female 2441 (60.1) 10834 (68.3) 67914 (48.
57.4,*not asserted*,-,unchecked,All of Us All of Us MarketScanᶜ MarketScanᶜ Characteristic Cases Controls Cases Controls N 4064 15856139468554214 Sex Female 2441 (60.1) 10834 (68.3) 67914 (48.
54.6,*not asserted*,-,unchecked,All of Us All of Us MarketScanᶜ MarketScanᶜ Characteristic Cases Controls Cases Controls N 4064 15856139468554214 Sex Female 2441 (60.1) 10834 (68.3) 67914 (48.
45.6,*not asserted*,-,unchecked,All of Us All of Us MarketScanᶜ MarketScanᶜ Characteristic Cases Controls Cases Controls N 4064 15856139468554214 Sex Female 2441 (60.1) 10834 (68.3) 67914 (48.
14.6,*not asserted*,-,unchecked,All of Us All of Us MarketScanᶜ MarketScanᶜ Characteristic Cases Controls Cases Controls N 4064 15856139468554214 Sex Female 2441 (60.1) 10834 (68.3) 67914 (48.
41.2,*not asserted*,-,unchecked,All of Us All of Us MarketScanᶜ MarketScanᶜ Characteristic Cases Controls Cases Controls N 4064 15856139468554214 Sex Female 2441 (60.1) 10834 (68.3) 67914 (48.
15.9,*not asserted*,-,unchecked,All of Us All of Us MarketScanᶜ MarketScanᶜ Characteristic Cases Controls Cases Controls N 4064 15856139468554214 Sex Female 2441 (60.1) 10834 (68.3) 67914 (48.
361,*not asserted*,-,unchecked,All of Us All of Us MarketScanᶜ MarketScanᶜ Characteristic Cases Controls Cases Controls N 4064 15856139468554214 Sex Female 2441 (60.1) 10834 (68.3) 67914 (48.
8.9,*not asserted*,-,unchecked,All of Us All of Us MarketScanᶜ MarketScanᶜ Characteristic Cases Controls Cases Controls N 4064 15856139468554214 Sex Female 2441 (60.1) 10834 (68.3) 67914 (48.
2700,*not asserted*,-,unchecked,All of Us All of Us MarketScanᶜ MarketScanᶜ Characteristic Cases Controls Cases Controls N 4064 15856139468554214 Sex Female 2441 (60.1) 10834 (68.3) 67914 (48.
17.0,*not asserted*,-,unchecked,All of Us All of Us MarketScanᶜ MarketScanᶜ Characteristic Cases Controls Cases Controls N 4064 15856139468554214 Sex Female 2441 (60.1) 10834 (68.3) 67914 (48.
11300,*not asserted*,-,unchecked,All of Us All of Us MarketScanᶜ MarketScanᶜ Characteristic Cases Controls Cases Controls N 4064 15856139468554214 Sex Female 2441 (60.1) 10834 (68.3) 67914 (48.
8.1,*not asserted*,-,unchecked,All of Us All of Us MarketScanᶜ MarketScanᶜ Characteristic Cases Controls Cases Controls N 4064 15856139468554214 Sex Female 2441 (60.1) 10834 (68.3) 67914 (48.
108286,*not asserted*,-,unchecked,All of Us All of Us MarketScanᶜ MarketScanᶜ Characteristic Cases Controls Cases Controls N 4064 15856139468554214 Sex Female 2441 (60.1) 10834 (68.3) 67914 (48.
19.5,*not asserted*,-,unchecked,All of Us All of Us MarketScanᶜ MarketScanᶜ Characteristic Cases Controls Cases Controls N 4064 15856139468554214 Sex Female 2441 (60.1) 10834 (68.3) 67914 (48.
3703,*not asserted*,-,unchecked,All of Us All of Us MarketScanᶜ MarketScanᶜ Characteristic Cases Controls Cases Controls N 4064 15856139468554214 Sex Female 2441 (60.1) 10834 (68.3) 67914 (48.
91.1,*not asserted*,-,unchecked,All of Us All of Us MarketScanᶜ MarketScanᶜ Characteristic Cases Controls Cases Controls N 4064 15856139468554214 Sex Female 2441 (60.1) 10834 (68.3) 67914 (48.
13156,*not asserted*,-,unchecked,All of Us All of Us MarketScanᶜ MarketScanᶜ Characteristic Cases Controls Cases Controls N 4064 15856139468554214 Sex Female 2441 (60.1) 10834 (68.3) 67914 (48.
83.0,*not asserted*,-,unchecked,All of Us All of Us MarketScanᶜ MarketScanᶜ Characteristic Cases Controls Cases Controls N 4064 15856139468554214 Sex Female 2441 (60.1) 10834 (68.3) 67914 (48.
128168,*not asserted*,-,unchecked,All of Us All of Us MarketScanᶜ MarketScanᶜ Characteristic Cases Controls Cases Controls N 4064 15856139468554214 Sex Female 2441 (60.1) 10834 (68.3) 67914 (48.
91.9,*not asserted*,-,unchecked,All of Us All of Us MarketScanᶜ MarketScanᶜ Characteristic Cases Controls Cases Controls N 4064 15856139468554214 Sex Female 2441 (60.1) 10834 (68.3) 67914 (48.
445928,*not asserted*,-,unchecked,All of Us All of Us MarketScanᶜ MarketScanᶜ Characteristic Cases Controls Cases Controls N 4064 15856139468554214 Sex Female 2441 (60.1) 10834 (68.3) 67914 (48.
80.5,*not asserted*,-,unchecked,All of Us All of Us MarketScanᶜ MarketScanᶜ Characteristic Cases Controls Cases Controls N 4064 15856139468554214 Sex Female 2441 (60.1) 10834 (68.3) 67914 (48.
570,*not asserted*,-,unchecked,All of Us All of Us MarketScanᶜ MarketScanᶜ Characteristic Cases Controls Cases Controls N 4064 15856139468554214 Sex Female 2441 (60.1) 10834 (68.3) 67914 (48.
14.0,*not asserted*,-,unchecked,All of Us All of Us MarketScanᶜ MarketScanᶜ Characteristic Cases Controls Cases Controls N 4064 15856139468554214 Sex Female 2441 (60.1) 10834 (68.3) 67914 (48.
1842,*not asserted*,-,unchecked,All of Us All of Us MarketScanᶜ MarketScanᶜ Characteristic Cases Controls Cases Controls N 4064 15856139468554214 Sex Female 2441 (60.1) 10834 (68.3) 67914 (48.
11.6,*not asserted*,-,unchecked,All of Us All of Us MarketScanᶜ MarketScanᶜ Characteristic Cases Controls Cases Controls N 4064 15856139468554214 Sex Female 2441 (60.1) 10834 (68.3) 67914 (48.
2729,*not asserted*,-,unchecked,All of Us All of Us MarketScanᶜ MarketScanᶜ Characteristic Cases Controls Cases Controls N 4064 15856139468554214 Sex Female 2441 (60.1) 10834 (68.3) 67914 (48.
2.0,*not asserted*,-,unchecked,All of Us All of Us MarketScanᶜ MarketScanᶜ Characteristic Cases Controls Cases Controls N 4064 15856139468554214 Sex Female 2441 (60.1) 10834 (68.3) 67914 (48.
7733,*not asserted*,-,unchecked,All of Us All of Us MarketScanᶜ MarketScanᶜ Characteristic Cases Controls Cases Controls N 4064 15856139468554214 Sex Female 2441 (60.1) 10834 (68.3) 67914 (48.
1.4,*not asserted*,-,unchecked,All of Us All of Us MarketScanᶜ MarketScanᶜ Characteristic Cases Controls Cases Controls N 4064 15856139468554214 Sex Female 2441 (60.1) 10834 (68.3) 67914 (48.
1034,*not asserted*,-,unchecked,All of Us All of Us MarketScanᶜ MarketScanᶜ Characteristic Cases Controls Cases Controls N 4064 15856139468554214 Sex Female 2441 (60.1) 10834 (68.3) 67914 (48.
25.4,*not asserted*,-,unchecked,All of Us All of Us MarketScanᶜ MarketScanᶜ Characteristic Cases Controls Cases Controls N 4064 15856139468554214 Sex Female 2441 (60.1) 10834 (68.3) 67914 (48.
3100,*not asserted*,-,unchecked,All of Us All of Us MarketScanᶜ MarketScanᶜ Characteristic Cases Controls Cases Controls N 4064 15856139468554214 Sex Female 2441 (60.1) 10834 (68.3) 67914 (48.
19.6,*not asserted*,-,unchecked,All of Us All of Us MarketScanᶜ MarketScanᶜ Characteristic Cases Controls Cases Controls N 4064 15856139468554214 Sex Female 2441 (60.1) 10834 (68.3) 67914 (48.
6614,*not asserted*,-,unchecked,All of Us All of Us MarketScanᶜ MarketScanᶜ Characteristic Cases Controls Cases Controls N 4064 15856139468554214 Sex Female 2441 (60.1) 10834 (68.3) 67914 (48.
4.7,*not asserted*,-,unchecked,All of Us All of Us MarketScanᶜ MarketScanᶜ Characteristic Cases Controls Cases Controls N 4064 15856139468554214 Sex Female 2441 (60.1) 10834 (68.3) 67914 (48.
15123,*not asserted*,-,unchecked,All of Us All of Us MarketScanᶜ MarketScanᶜ Characteristic Cases Controls Cases Controls N 4064 15856139468554214 Sex Female 2441 (60.1) 10834 (68.3) 67914 (48.
882,*not asserted*,-,unchecked,All of Us All of Us MarketScanᶜ MarketScanᶜ Characteristic Cases Controls Cases Controls N 4064 15856139468554214 Sex Female 2441 (60.1) 10834 (68.3) 67914 (48.
21.7,*not asserted*,-,unchecked,All of Us All of Us MarketScanᶜ MarketScanᶜ Characteristic Cases Controls Cases Controls N 4064 15856139468554214 Sex Female 2441 (60.1) 10834 (68.3) 67914 (48.
3042,*not asserted*,-,unchecked,All of Us All of Us MarketScanᶜ MarketScanᶜ Characteristic Cases Controls Cases Controls N 4064 15856139468554214 Sex Female 2441 (60.1) 10834 (68.3) 67914 (48.
19.2,*not asserted*,-,unchecked,All of Us All of Us MarketScanᶜ MarketScanᶜ Characteristic Cases Controls Cases Controls N 4064 15856139468554214 Sex Female 2441 (60.1) 10834 (68.3) 67914 (48.
5866,*not asserted*,-,unchecked,All of Us All of Us MarketScanᶜ MarketScanᶜ Characteristic Cases Controls Cases Controls N 4064 15856139468554214 Sex Female 2441 (60.1) 10834 (68.3) 67914 (48.
4.2,*not asserted*,-,unchecked,All of Us All of Us MarketScanᶜ MarketScanᶜ Characteristic Cases Controls Cases Controls N 4064 15856139468554214 Sex Female 2441 (60.1) 10834 (68.3) 67914 (48.
20464,*not asserted*,-,unchecked,All of Us All of Us MarketScanᶜ MarketScanᶜ Characteristic Cases Controls Cases Controls N 4064 15856139468554214 Sex Female 2441 (60.1) 10834 (68.3) 67914 (48.
3.7,*not asserted*,-,unchecked,All of Us All of Us MarketScanᶜ MarketScanᶜ Characteristic Cases Controls Cases Controls N 4064 15856139468554214 Sex Female 2441 (60.1) 10834 (68.3) 67914 (48.
786,*not asserted*,-,unchecked,All of Us All of Us MarketScanᶜ MarketScanᶜ Characteristic Cases Controls Cases Controls N 4064 15856139468554214 Sex Female 2441 (60.1) 10834 (68.3) 67914 (48.
19.3,*not asserted*,-,unchecked,All of Us All of Us MarketScanᶜ MarketScanᶜ Characteristic Cases Controls Cases Controls N 4064 15856139468554214 Sex Female 2441 (60.1) 10834 (68.3) 67914 (48.
2502,*not asserted*,-,unchecked,All of Us All of Us MarketScanᶜ MarketScanᶜ Characteristic Cases Controls Cases Controls N 4064 15856139468554214 Sex Female 2441 (60.1) 10834 (68.3) 67914 (48.
15.8,*not asserted*,-,unchecked,All of Us All of Us MarketScanᶜ MarketScanᶜ Characteristic Cases Controls Cases Controls N 4064 15856139468554214 Sex Female 2441 (60.1) 10834 (68.3) 67914 (48.
4215,*not asserted*,-,unchecked,All of Us All of Us MarketScanᶜ MarketScanᶜ Characteristic Cases Controls Cases Controls N 4064 15856139468554214 Sex Female 2441 (60.1) 10834 (68.3) 67914 (48.
3.0,*not asserted*,-,unchecked,All of Us All of Us MarketScanᶜ MarketScanᶜ Characteristic Cases Controls Cases Controls N 4064 15856139468554214 Sex Female 2441 (60.1) 10834 (68.3) 67914 (48.
17307,*not asserted*,-,unchecked,All of Us All of Us MarketScanᶜ MarketScanᶜ Characteristic Cases Controls Cases Controls N 4064 15856139468554214 Sex Female 2441 (60.1) 10834 (68.3) 67914 (48.
3.1,*not asserted*,-,unchecked,All of Us All of Us MarketScanᶜ MarketScanᶜ Characteristic Cases Controls Cases Controls N 4064 15856139468554214 Sex Female 2441 (60.1) 10834 (68.3) 67914 (48.
243,*not asserted*,-,unchecked,All of Us All of Us MarketScanᶜ MarketScanᶜ Characteristic Cases Controls Cases Controls N 4064 15856139468554214 Sex Female 2441 (60.1) 10834 (68.3) 67914 (48.
6.0,*not asserted*,-,unchecked,All of Us All of Us MarketScanᶜ MarketScanᶜ Characteristic Cases Controls Cases Controls N 4064 15856139468554214 Sex Female 2441 (60.1) 10834 (68.3) 67914 (48.
763,*not asserted*,-,unchecked,All of Us All of Us MarketScanᶜ MarketScanᶜ Characteristic Cases Controls Cases Controls N 4064 15856139468554214 Sex Female 2441 (60.1) 10834 (68.3) 67914 (48.
4.8,*not asserted*,-,unchecked,All of Us All of Us MarketScanᶜ MarketScanᶜ Characteristic Cases Controls Cases Controls N 4064 15856139468554214 Sex Female 2441 (60.1) 10834 (68.3) 67914 (48.
769,*not asserted*,-,unchecked,All of Us All of Us MarketScanᶜ MarketScanᶜ Characteristic Cases Controls Cases Controls N 4064 15856139468554214 Sex Female 2441 (60.1) 10834 (68.3) 67914 (48.
0.6,*not asserted*,-,unchecked,All of Us All of Us MarketScanᶜ MarketScanᶜ Characteristic Cases Controls Cases Controls N 4064 15856139468554214 Sex Female 2441 (60.1) 10834 (68.3) 67914 (48.
2202,*not asserted*,-,unchecked,All of Us All of Us MarketScanᶜ MarketScanᶜ Characteristic Cases Controls Cases Controls N 4064 15856139468554214 Sex Female 2441 (60.1) 10834 (68.3) 67914 (48.
0.4,*not asserted*,-,unchecked,All of Us All of Us MarketScanᶜ MarketScanᶜ Characteristic Cases Controls Cases Controls N 4064 15856139468554214 Sex Female 2441 (60.1) 10834 (68.3) 67914 (48.
1819,*not asserted*,-,unchecked,All of Us All of Us MarketScanᶜ MarketScanᶜ Characteristic Cases Controls Cases Controls N 4064 15856139468554214 Sex Female 2441 (60.1) 10834 (68.3) 67914 (48.
44.8,*not asserted*,-,unchecked,All of Us All of Us MarketScanᶜ MarketScanᶜ Characteristic Cases Controls Cases Controls N 4064 15856139468554214 Sex Female 2441 (60.1) 10834 (68.3) 67914 (48.
7744,*not asserted*,-,unchecked,All of Us All of Us MarketScanᶜ MarketScanᶜ Characteristic Cases Controls Cases Controls N 4064 15856139468554214 Sex Female 2441 (60.1) 10834 (68.3) 67914 (48.
48.8,*not asserted*,-,unchecked,All of Us All of Us MarketScanᶜ MarketScanᶜ Characteristic Cases Controls Cases Controls N 4064 15856139468554214 Sex Female 2441 (60.1) 10834 (68.3) 67914 (48.
18418,*not asserted*,-,unchecked,All of Us All of Us MarketScanᶜ MarketScanᶜ Characteristic Cases Controls Cases Controls N 4064 15856139468554214 Sex Female 2441 (60.1) 10834 (68.3) 67914 (48.
13.2,*not asserted*,-,unchecked,All of Us All of Us MarketScanᶜ MarketScanᶜ Characteristic Cases Controls Cases Controls N 4064 15856139468554214 Sex Female 2441 (60.1) 10834 (68.3) 67914 (48.
92037,*not asserted*,-,unchecked,All of Us All of Us MarketScanᶜ MarketScanᶜ Characteristic Cases Controls Cases Controls N 4064 15856139468554214 Sex Female 2441 (60.1) 10834 (68.3) 67914 (48.
16.6,*not asserted*,-,unchecked,All of Us All of Us MarketScanᶜ MarketScanᶜ Characteristic Cases Controls Cases Controls N 4064 15856139468554214 Sex Female 2441 (60.1) 10834 (68.3) 67914 (48.
437,*not asserted*,-,unchecked,All of Us All of Us MarketScanᶜ MarketScanᶜ Characteristic Cases Controls Cases Controls N 4064 15856139468554214 Sex Female 2441 (60.1) 10834 (68.3) 67914 (48.
10.8,*not asserted*,-,unchecked,All of Us All of Us MarketScanᶜ MarketScanᶜ Characteristic Cases Controls Cases Controls N 4064 15856139468554214 Sex Female 2441 (60.1) 10834 (68.3) 67914 (48.
1936,*not asserted*,-,unchecked,All of Us All of Us MarketScanᶜ MarketScanᶜ Characteristic Cases Controls Cases Controls N 4064 15856139468554214 Sex Female 2441 (60.1) 10834 (68.3) 67914 (48.
12.2,*not asserted*,-,unchecked,All of Us All of Us MarketScanᶜ MarketScanᶜ Characteristic Cases Controls Cases Controls N 4064 15856139468554214 Sex Female 2441 (60.1) 10834 (68.3) 67914 (48.
3604,*not asserted*,-,unchecked,All of Us All of Us MarketScanᶜ MarketScanᶜ Characteristic Cases Controls Cases Controls N 4064 15856139468554214 Sex Female 2441 (60.1) 10834 (68.3) 67914 (48.
20162,*not asserted*,-,unchecked,All of Us All of Us MarketScanᶜ MarketScanᶜ Characteristic Cases Controls Cases Controls N 4064 15856139468554214 Sex Female 2441 (60.1) 10834 (68.3) 67914 (48.
3.6,*not asserted*,-,unchecked,All of Us All of Us MarketScanᶜ MarketScanᶜ Characteristic Cases Controls Cases Controls N 4064 15856139468554214 Sex Female 2441 (60.1) 10834 (68.3) 67914 (48.
336,*not asserted*,-,unchecked,All of Us All of Us MarketScanᶜ MarketScanᶜ Characteristic Cases Controls Cases Controls N 4064 15856139468554214 Sex Female 2441 (60.1) 10834 (68.3) 67914 (48.
8.3,*not asserted*,-,unchecked,All of Us All of Us MarketScanᶜ MarketScanᶜ Characteristic Cases Controls Cases Controls N 4064 15856139468554214 Sex Female 2441 (60.1) 10834 (68.3) 67914 (48.
1299,*not asserted*,-,unchecked,All of Us All of Us MarketScanᶜ MarketScanᶜ Characteristic Cases Controls Cases Controls N 4064 15856139468554214 Sex Female 2441 (60.1) 10834 (68.3) 67914 (48.
8.2,*not asserted*,-,unchecked,All of Us All of Us MarketScanᶜ MarketScanᶜ Characteristic Cases Controls Cases Controls N 4064 15856139468554214 Sex Female 2441 (60.1) 10834 (68.3) 67914 (48.
1174,*not asserted*,-,unchecked,All of Us All of Us MarketScanᶜ MarketScanᶜ Characteristic Cases Controls Cases Controls N 4064 15856139468554214 Sex Female 2441 (60.1) 10834 (68.3) 67914 (48.
0.8,*not asserted*,-,unchecked,All of Us All of Us MarketScanᶜ MarketScanᶜ Characteristic Cases Controls Cases Controls N 4064 15856139468554214 Sex Female 2441 (60.1) 10834 (68.3) 67914 (48.
6366,*not asserted*,-,unchecked,All of Us All of Us MarketScanᶜ MarketScanᶜ Characteristic Cases Controls Cases Controls N 4064 15856139468554214 Sex Female 2441 (60.1) 10834 (68.3) 67914 (48.
854,*not asserted*,-,unchecked,All of Us All of Us MarketScanᶜ MarketScanᶜ Characteristic Cases Controls Cases Controls N 4064 15856139468554214 Sex Female 2441 (60.1) 10834 (68.3) 67914 (48.
21.0,*not asserted*,-,unchecked,All of Us All of Us MarketScanᶜ MarketScanᶜ Characteristic Cases Controls Cases Controls N 4064 15856139468554214 Sex Female 2441 (60.1) 10834 (68.3) 67914 (48.
4124,*not asserted*,-,unchecked,All of Us All of Us MarketScanᶜ MarketScanᶜ Characteristic Cases Controls Cases Controls N 4064 15856139468554214 Sex Female 2441 (60.1) 10834 (68.3) 67914 (48.
7881,*not asserted*,-,unchecked,All of Us All of Us MarketScanᶜ MarketScanᶜ Characteristic Cases Controls Cases Controls N 4064 15856139468554214 Sex Female 2441 (60.1) 10834 (68.3) 67914 (48.
5.7,*not asserted*,-,unchecked,All of Us All of Us MarketScanᶜ MarketScanᶜ Characteristic Cases Controls Cases Controls N 4064 15856139468554214 Sex Female 2441 (60.1) 10834 (68.3) 67914 (48.
38981,*not asserted*,-,unchecked,All of Us All of Us MarketScanᶜ MarketScanᶜ Characteristic Cases Controls Cases Controls N 4064 15856139468554214 Sex Female 2441 (60.1) 10834 (68.3) 67914 (48.
7.0,*not asserted*,-,unchecked,All of Us All of Us MarketScanᶜ MarketScanᶜ Characteristic Cases Controls Cases Controls N 4064 15856139468554214 Sex Female 2441 (60.1) 10834 (68.3) 67914 (48.
163,*not asserted*,-,unchecked,All of Us All of Us MarketScanᶜ MarketScanᶜ Characteristic Cases Controls Cases Controls N 4064 15856139468554214 Sex Female 2441 (60.1) 10834 (68.3) 67914 (48.
4.0,*not asserted*,-,unchecked,All of Us All of Us MarketScanᶜ MarketScanᶜ Characteristic Cases Controls Cases Controls N 4064 15856139468554214 Sex Female 2441 (60.1) 10834 (68.3) 67914 (48.
391,*not asserted*,-,unchecked,All of Us All of Us MarketScanᶜ MarketScanᶜ Characteristic Cases Controls Cases Controls N 4064 15856139468554214 Sex Female 2441 (60.1) 10834 (68.3) 67914 (48.
2.5,*not asserted*,-,unchecked,All of Us All of Us MarketScanᶜ MarketScanᶜ Characteristic Cases Controls Cases Controls N 4064 15856139468554214 Sex Female 2441 (60.1) 10834 (68.3) 67914 (48.
889,*not asserted*,-,unchecked,All of Us All of Us MarketScanᶜ MarketScanᶜ Characteristic Cases Controls Cases Controls N 4064 15856139468554214 Sex Female 2441 (60.1) 10834 (68.3) 67914 (48.
1984,*not asserted*,-,unchecked,All of Us All of Us MarketScanᶜ MarketScanᶜ Characteristic Cases Controls Cases Controls N 4064 15856139468554214 Sex Female 2441 (60.1) 10834 (68.3) 67914 (48.
551,*not asserted*,-,unchecked,All of Us All of Us MarketScanᶜ MarketScanᶜ Characteristic Cases Controls Cases Controls N 4064 15856139468554214 Sex Female 2441 (60.1) 10834 (68.3) 67914 (48.
13.6,*not asserted*,-,unchecked,All of Us All of Us MarketScanᶜ MarketScanᶜ Characteristic Cases Controls Cases Controls N 4064 15856139468554214 Sex Female 2441 (60.1) 10834 (68.3) 67914 (48.
2058,*not asserted*,-,unchecked,All of Us All of Us MarketScanᶜ MarketScanᶜ Characteristic Cases Controls Cases Controls N 4064 15856139468554214 Sex Female 2441 (60.1) 10834 (68.3) 67914 (48.
13.0,*not asserted*,-,unchecked,All of Us All of Us MarketScanᶜ MarketScanᶜ Characteristic Cases Controls Cases Controls N 4064 15856139468554214 Sex Female 2441 (60.1) 10834 (68.3) 67914 (48.
19085,*not asserted*,-,unchecked,All of Us All of Us MarketScanᶜ MarketScanᶜ Characteristic Cases Controls Cases Controls N 4064 15856139468554214 Sex Female 2441 (60.1) 10834 (68.3) 67914 (48.
13.7,*not asserted*,-,unchecked,All of Us All of Us MarketScanᶜ MarketScanᶜ Characteristic Cases Controls Cases Controls N 4064 15856139468554214 Sex Female 2441 (60.1) 10834 (68.3) 67914 (48.
52613,*not asserted*,-,unchecked,All of Us All of Us MarketScanᶜ MarketScanᶜ Characteristic Cases Controls Cases Controls N 4064 15856139468554214 Sex Female 2441 (60.1) 10834 (68.3) 67914 (48.
9.5,*not asserted*,-,unchecked,All of Us All of Us MarketScanᶜ MarketScanᶜ Characteristic Cases Controls Cases Controls N 4064 15856139468554214 Sex Female 2441 (60.1) 10834 (68.3) 67914 (48.
1075,*not asserted*,-,unchecked,All of Us All of Us MarketScanᶜ MarketScanᶜ Characteristic Cases Controls Cases Controls N 4064 15856139468554214 Sex Female 2441 (60.1) 10834 (68.3) 67914 (48.
26.5,*not asserted*,-,unchecked,All of Us All of Us MarketScanᶜ MarketScanᶜ Characteristic Cases Controls Cases Controls N 4064 15856139468554214 Sex Female 2441 (60.1) 10834 (68.3) 67914 (48.
3542,*not asserted*,-,unchecked,All of Us All of Us MarketScanᶜ MarketScanᶜ Characteristic Cases Controls Cases Controls N 4064 15856139468554214 Sex Female 2441 (60.1) 10834 (68.3) 67914 (48.
22.3,*not asserted*,-,unchecked,All of Us All of Us MarketScanᶜ MarketScanᶜ Characteristic Cases Controls Cases Controls N 4064 15856139468554214 Sex Female 2441 (60.1) 10834 (68.3) 67914 (48.
11696,*not asserted*,-,unchecked,All of Us All of Us MarketScanᶜ MarketScanᶜ Characteristic Cases Controls Cases Controls N 4064 15856139468554214 Sex Female 2441 (60.1) 10834 (68.3) 67914 (48.
8.4,*not asserted*,-,unchecked,All of Us All of Us MarketScanᶜ MarketScanᶜ Characteristic Cases Controls Cases Controls N 4064 15856139468554214 Sex Female 2441 (60.1) 10834 (68.3) 67914 (48.
26591,*not asserted*,-,unchecked,All of Us All of Us MarketScanᶜ MarketScanᶜ Characteristic Cases Controls Cases Controls N 4064 15856139468554214 Sex Female 2441 (60.1) 10834 (68.3) 67914 (48.
212,*not asserted*,-,unchecked,All of Us All of Us MarketScanᶜ MarketScanᶜ Characteristic Cases Controls Cases Controls N 4064 15856139468554214 Sex Female 2441 (60.1) 10834 (68.3) 67914 (48.
5.2,*not asserted*,-,unchecked,All of Us All of Us MarketScanᶜ MarketScanᶜ Characteristic Cases Controls Cases Controls N 4064 15856139468554214 Sex Female 2441 (60.1) 10834 (68.3) 67914 (48.
794,*not asserted*,-,unchecked,All of Us All of Us MarketScanᶜ MarketScanᶜ Characteristic Cases Controls Cases Controls N 4064 15856139468554214 Sex Female 2441 (60.1) 10834 (68.3) 67914 (48.
5.0,*not asserted*,-,unchecked,All of Us All of Us MarketScanᶜ MarketScanᶜ Characteristic Cases Controls Cases Controls N 4064 15856139468554214 Sex Female 2441 (60.1) 10834 (68.3) 67914 (48.
1460,*not asserted*,-,unchecked,All of Us All of Us MarketScanᶜ MarketScanᶜ Characteristic Cases Controls Cases Controls N 4064 15856139468554214 Sex Female 2441 (60.1) 10834 (68.3) 67914 (48.
1.0,*not asserted*,-,unchecked,All of Us All of Us MarketScanᶜ MarketScanᶜ Characteristic Cases Controls Cases Controls N 4064 15856139468554214 Sex Female 2441 (60.1) 10834 (68.3) 67914 (48.
3423,*not asserted*,-,unchecked,All of Us All of Us MarketScanᶜ MarketScanᶜ Characteristic Cases Controls Cases Controls N 4064 15856139468554214 Sex Female 2441 (60.1) 10834 (68.3) 67914 (48.
630,*not asserted*,-,unchecked,All of Us All of Us MarketScanᶜ MarketScanᶜ Characteristic Cases Controls Cases Controls N 4064 15856139468554214 Sex Female 2441 (60.1) 10834 (68.3) 67914 (48.
15.5,*not asserted*,-,unchecked,All of Us All of Us MarketScanᶜ MarketScanᶜ Characteristic Cases Controls Cases Controls N 4064 15856139468554214 Sex Female 2441 (60.1) 10834 (68.3) 67914 (48.
2174,*not asserted*,-,unchecked,All of Us All of Us MarketScanᶜ MarketScanᶜ Characteristic Cases Controls Cases Controls N 4064 15856139468554214 Sex Female 2441 (60.1) 10834 (68.3) 67914 (48.
6199,*not asserted*,-,unchecked,All of Us All of Us MarketScanᶜ MarketScanᶜ Characteristic Cases Controls Cases Controls N 4064 15856139468554214 Sex Female 2441 (60.1) 10834 (68.3) 67914 (48.
15289,*not asserted*,-,unchecked,All of Us All of Us MarketScanᶜ MarketScanᶜ Characteristic Cases Controls Cases Controls N 4064 15856139468554214 Sex Female 2441 (60.1) 10834 (68.3) 67914 (48.
2.8,*not asserted*,-,unchecked,All of Us All of Us MarketScanᶜ MarketScanᶜ Characteristic Cases Controls Cases Controls N 4064 15856139468554214 Sex Female 2441 (60.1) 10834 (68.3) 67914 (48.
479,*not asserted*,-,unchecked,All of Us All of Us MarketScanᶜ MarketScanᶜ Characteristic Cases Controls Cases Controls N 4064 15856139468554214 Sex Female 2441 (60.1) 10834 (68.3) 67914 (48.
11.8,*not asserted*,-,unchecked,All of Us All of Us MarketScanᶜ MarketScanᶜ Characteristic Cases Controls Cases Controls N 4064 15856139468554214 Sex Female 2441 (60.1) 10834 (68.3) 67914 (48.
1236,*not asserted*,-,unchecked,All of Us All of Us MarketScanᶜ MarketScanᶜ Characteristic Cases Controls Cases Controls N 4064 15856139468554214 Sex Female 2441 (60.1) 10834 (68.3) 67914 (48.
7.8,*not asserted*,-,unchecked,All of Us All of Us MarketScanᶜ MarketScanᶜ Characteristic Cases Controls Cases Controls N 4064 15856139468554214 Sex Female 2441 (60.1) 10834 (68.3) 67914 (48.
2816,*not asserted*,-,unchecked,All of Us All of Us MarketScanᶜ MarketScanᶜ Characteristic Cases Controls Cases Controls N 4064 15856139468554214 Sex Female 2441 (60.1) 10834 (68.3) 67914 (48.
3855,*not asserted*,-,unchecked,All of Us All of Us MarketScanᶜ MarketScanᶜ Characteristic Cases Controls Cases Controls N 4064 15856139468554214 Sex Female 2441 (60.1) 10834 (68.3) 67914 (48.
0.7,*not asserted*,-,unchecked,All of Us All of Us MarketScanᶜ MarketScanᶜ Characteristic Cases Controls Cases Controls N 4064 15856139468554214 Sex Female 2441 (60.1) 10834 (68.3) 67914 (48.
135,*not asserted*,-,unchecked,All of Us All of Us MarketScanᶜ MarketScanᶜ Characteristic Cases Controls Cases Controls N 4064 15856139468554214 Sex Female 2441 (60.1) 10834 (68.3) 67914 (48.
444,*not asserted*,-,unchecked,All of Us All of Us MarketScanᶜ MarketScanᶜ Characteristic Cases Controls Cases Controls N 4064 15856139468554214 Sex Female 2441 (60.1) 10834 (68.3) 67914 (48.
1610,*not asserted*,-,unchecked,All of Us All of Us MarketScanᶜ MarketScanᶜ Characteristic Cases Controls Cases Controls N 4064 15856139468554214 Sex Female 2441 (60.1) 10834 (68.3) 67914 (48.
191,*not asserted*,-,unchecked,All of Us All of Us MarketScanᶜ MarketScanᶜ Characteristic Cases Controls Cases Controls N 4064 15856139468554214 Sex Female 2441 (60.1) 10834 (68.3) 67914 (48.
609,*not asserted*,-,unchecked,All of Us All of Us MarketScanᶜ MarketScanᶜ Characteristic Cases Controls Cases Controls N 4064 15856139468554214 Sex Female 2441 (60.1) 10834 (68.3) 67914 (48.
3.8,*not asserted*,-,unchecked,All of Us All of Us MarketScanᶜ MarketScanᶜ Characteristic Cases Controls Cases Controls N 4064 15856139468554214 Sex Female 2441 (60.1) 10834 (68.3) 67914 (48.
2295,*not asserted*,-,unchecked,All of Us All of Us MarketScanᶜ MarketScanᶜ Characteristic Cases Controls Cases Controls N 4064 15856139468554214 Sex Female 2441 (60.1) 10834 (68.3) 67914 (48.
6099,*not asserted*,-,unchecked,All of Us All of Us MarketScanᶜ MarketScanᶜ Characteristic Cases Controls Cases Controls N 4064 15856139468554214 Sex Female 2441 (60.1) 10834 (68.3) 67914 (48.
700,*not asserted*,-,unchecked,All of Us All of Us MarketScanᶜ MarketScanᶜ Characteristic Cases Controls Cases Controls N 4064 15856139468554214 Sex Female 2441 (60.1) 10834 (68.3) 67914 (48.
17.2,*not asserted*,-,unchecked,All of Us All of Us MarketScanᶜ MarketScanᶜ Characteristic Cases Controls Cases Controls N 4064 15856139468554214 Sex Female 2441 (60.1) 10834 (68.3) 67914 (48.
2528,*not asserted*,-,unchecked,All of Us All of Us MarketScanᶜ MarketScanᶜ Characteristic Cases Controls Cases Controls N 4064 15856139468554214 Sex Female 2441 (60.1) 10834 (68.3) 67914 (48.
4951,*not asserted*,-,unchecked,All of Us All of Us MarketScanᶜ MarketScanᶜ Characteristic Cases Controls Cases Controls N 4064 15856139468554214 Sex Female 2441 (60.1) 10834 (68.3) 67914 (48.
3.5,*not asserted*,-,unchecked,All of Us All of Us MarketScanᶜ MarketScanᶜ Characteristic Cases Controls Cases Controls N 4064 15856139468554214 Sex Female 2441 (60.1) 10834 (68.3) 67914 (48.
19657,*not asserted*,-,unchecked,All of Us All of Us MarketScanᶜ MarketScanᶜ Characteristic Cases Controls Cases Controls N 4064 15856139468554214 Sex Female 2441 (60.1) 10834 (68.3) 67914 (48.
63,*not asserted*,-,unchecked,All of Us All of Us MarketScanᶜ MarketScanᶜ Characteristic Cases Controls Cases Controls N 4064 15856139468554214 Sex Female 2441 (60.1) 10834 (68.3) 67914 (48.
264,*not asserted*,-,unchecked,All of Us All of Us MarketScanᶜ MarketScanᶜ Characteristic Cases Controls Cases Controls N 4064 15856139468554214 Sex Female 2441 (60.1) 10834 (68.3) 67914 (48.
1.7,*not asserted*,-,unchecked,All of Us All of Us MarketScanᶜ MarketScanᶜ Characteristic Cases Controls Cases Controls N 4064 15856139468554214 Sex Female 2441 (60.1) 10834 (68.3) 67914 (48.
127,*not asserted*,-,unchecked,All of Us All of Us MarketScanᶜ MarketScanᶜ Characteristic Cases Controls Cases Controls N 4064 15856139468554214 Sex Female 2441 (60.1) 10834 (68.3) 67914 (48.
0.1,*not asserted*,-,unchecked,All of Us All of Us MarketScanᶜ MarketScanᶜ Characteristic Cases Controls Cases Controls N 4064 15856139468554214 Sex Female 2441 (60.1) 10834 (68.3) 67914 (48.
393,*not asserted*,-,unchecked,All of Us All of Us MarketScanᶜ MarketScanᶜ Characteristic Cases Controls Cases Controls N 4064 15856139468554214 Sex Female 2441 (60.1) 10834 (68.3) 67914 (48.
7656,*not asserted*,-,unchecked,All of Us All of Us MarketScanᶜ MarketScanᶜ Characteristic Cases Controls Cases Controls N 4064 15856139468554214 Sex Female 2441 (60.1) 10834 (68.3) 67914 (48.
48.3,*not asserted*,-,unchecked,All of Us All of Us MarketScanᶜ MarketScanᶜ Characteristic Cases Controls Cases Controls N 4064 15856139468554214 Sex Female 2441 (60.1) 10834 (68.3) 67914 (48.
2338,*not asserted*,-,unchecked,All of Us All of Us MarketScanᶜ MarketScanᶜ Characteristic Cases Controls Cases Controls N 4064 15856139468554214 Sex Female 2441 (60.1) 10834 (68.3) 67914 (48.
14.7,*not asserted*,-,unchecked,All of Us All of Us MarketScanᶜ MarketScanᶜ Characteristic Cases Controls Cases Controls N 4064 15856139468554214 Sex Female 2441 (60.1) 10834 (68.3) 67914 (48.
32.8,*not asserted*,-,unchecked,All of Us All of Us MarketScanᶜ MarketScanᶜ Characteristic Cases Controls Cases Controls N 4064 15856139468554214 Sex Female 2441 (60.1) 10834 (68.3) 67914 (48.
5862,*not asserted*,-,unchecked,All of Us All of Us MarketScanᶜ MarketScanᶜ Characteristic Cases Controls Cases Controls N 4064 15856139468554214 Sex Female 2441 (60.1) 10834 (68.3) 67914 (48.
37.0,*not asserted*,-,unchecked,All of Us All of Us MarketScanᶜ MarketScanᶜ Characteristic Cases Controls Cases Controls N 4064 15856139468554214 Sex Female 2441 (60.1) 10834 (68.3) 67914 (48.
10000675,*not asserted*,-,unchecked,All of Us All of Us MarketScanᶜ MarketScanᶜ Characteristic Cases Controls Cases Controls N 4064 15856139468554214 Sex Female 2441 (60.1) 10834 (68.3) 67914 (48.
2257,*not asserted*,-,unchecked,All of Us All of Us MarketScanᶜ MarketScanᶜ Characteristic Cases Controls Cases Controls N 4064 15856139468554214 Sex Female 2441 (60.1) 10834 (68.3) 67914 (48.
14.2,*not asserted*,-,unchecked,All of Us All of Us MarketScanᶜ MarketScanᶜ Characteristic Cases Controls Cases Controls N 4064 15856139468554214 Sex Female 2441 (60.1) 10834 (68.3) 67914 (48.
24999650,*not asserted*,-,unchecked,All of Us All of Us MarketScanᶜ MarketScanᶜ Characteristic Cases Controls Cases Controls N 4064 15856139468554214 Sex Female 2441 (60.1) 10834 (68.3) 67914 (48.
16.0,*not asserted*,-,unchecked,All of Us All of Us MarketScanᶜ MarketScanᶜ Characteristic Cases Controls Cases Controls N 4064 15856139468554214 Sex Female 2441 (60.1) 10834 (68.3) 67914 (48.
2268,*not asserted*,-,unchecked,All of Us All of Us MarketScanᶜ MarketScanᶜ Characteristic Cases Controls Cases Controls N 4064 15856139468554214 Sex Female 2441 (60.1) 10834 (68.3) 67914 (48.
14.3,*not asserted*,-,unchecked,All of Us All of Us MarketScanᶜ MarketScanᶜ Characteristic Cases Controls Cases Controls N 4064 15856139468554214 Sex Female 2441 (60.1) 10834 (68.3) 67914 (48.
34999318,*not asserted*,-,unchecked,All of Us All of Us MarketScanᶜ MarketScanᶜ Characteristic Cases Controls Cases Controls N 4064 15856139468554214 Sex Female 2441 (60.1) 10834 (68.3) 67914 (48.
1351,*not asserted*,-,unchecked,All of Us All of Us MarketScanᶜ MarketScanᶜ Characteristic Cases Controls Cases Controls N 4064 15856139468554214 Sex Female 2441 (60.1) 10834 (68.3) 67914 (48.
8.5,*not asserted*,-,unchecked,All of Us All of Us MarketScanᶜ MarketScanᶜ Characteristic Cases Controls Cases Controls N 4064 15856139468554214 Sex Female 2441 (60.1) 10834 (68.3) 67914 (48.
793,*not asserted*,-,unchecked,All of Us All of Us MarketScanᶜ MarketScanᶜ Characteristic Cases Controls Cases Controls N 4064 15856139468554214 Sex Female 2441 (60.1) 10834 (68.3) 67914 (48.
4264,*not asserted*,-,unchecked,All of Us All of Us MarketScanᶜ MarketScanᶜ Characteristic Cases Controls Cases Controls N 4064 15856139468554214 Sex Female 2441 (60.1) 10834 (68.3) 67914 (48.
26.9,*not asserted*,-,unchecked,All of Us All of Us MarketScanᶜ MarketScanᶜ Characteristic Cases Controls Cases Controls N 4064 15856139468554214 Sex Female 2441 (60.1) 10834 (68.3) 67914 (48.
149999277,*not asserted*,-,unchecked,All of Us All of Us MarketScanᶜ MarketScanᶜ Characteristic Cases Controls Cases Controls N 4064 15856139468554214 Sex Female 2441 (60.1) 10834 (68.3) 67914 (48.
6.8,*not asserted*,-,unchecked,All of Us All of Us MarketScanᶜ MarketScanᶜ Characteristic Cases Controls Cases Controls N 4064 15856139468554214 Sex Female 2441 (60.1) 10834 (68.3) 67914 (48.
1292,*not asserted*,-,unchecked,All of Us All of Us MarketScanᶜ MarketScanᶜ Characteristic Cases Controls Cases Controls N 4064 15856139468554214 Sex Female 2441 (60.1) 10834 (68.3) 67914 (48.
199999122,*not asserted*,-,unchecked,All of Us All of Us MarketScanᶜ MarketScanᶜ Characteristic Cases Controls Cases Controls N 4064 15856139468554214 Sex Female 2441 (60.1) 10834 (68.3) 67914 (48.
582,*not asserted*,-,unchecked,All of Us All of Us MarketScanᶜ MarketScanᶜ Characteristic Cases Controls Cases Controls N 4064 15856139468554214 Sex Female 2441 (60.1) 10834 (68.3) 67914 (48.
200000143,*not asserted*,-,unchecked,All of Us All of Us MarketScanᶜ MarketScanᶜ Characteristic Cases Controls Cases Controls N 4064 15856139468554214 Sex Female 2441 (60.1) 10834 (68.3) 67914 (48.
705,*not asserted*,-,unchecked,All of Us All of Us MarketScanᶜ MarketScanᶜ Characteristic Cases Controls Cases Controls N 4064 15856139468554214 Sex Female 2441 (60.1) 10834 (68.3) 67914 (48.
1086,*not asserted*,-,unchecked,All of Us All of Us MarketScanᶜ MarketScanᶜ Characteristic Cases Controls Cases Controls N 4064 15856139468554214 Sex Female 2441 (60.1) 10834 (68.3) 67914 (48.
3137,*not asserted*,-,unchecked,All of Us All of Us MarketScanᶜ MarketScanᶜ Characteristic Cases Controls Cases Controls N 4064 15856139468554214 Sex Female 2441 (60.1) 10834 (68.3) 67914 (48.
1099,*not asserted*,-,unchecked,All of Us All of Us MarketScanᶜ MarketScanᶜ Characteristic Cases Controls Cases Controls N 4064 15856139468554214 Sex Female 2441 (60.1) 10834 (68.3) 67914 (48.
27.0,*not asserted*,-,unchecked,All of Us All of Us MarketScanᶜ MarketScanᶜ Characteristic Cases Controls Cases Controls N 4064 15856139468554214 Sex Female 2441 (60.1) 10834 (68.3) 67914 (48.
5930,*not asserted*,-,unchecked,All of Us All of Us MarketScanᶜ MarketScanᶜ Characteristic Cases Controls Cases Controls N 4064 15856139468554214 Sex Female 2441 (60.1) 10834 (68.3) 67914 (48.
37.4,*not asserted*,-,unchecked,All of Us All of Us MarketScanᶜ MarketScanᶜ Characteristic Cases Controls Cases Controls N 4064 15856139468554214 Sex Female 2441 (60.1) 10834 (68.3) 67914 (48.
2.1,*not asserted*,-,unchecked,All of Us All of Us MarketScanᶜ MarketScanᶜ Characteristic Cases Controls Cases Controls N 4064 15856139468554214 Sex Female 2441 (60.1) 10834 (68.3) 67914 (48.
318,*not asserted*,-,unchecked,All of Us All of Us MarketScanᶜ MarketScanᶜ Characteristic Cases Controls Cases Controls N 4064 15856139468554214 Sex Female 2441 (60.1) 10834 (68.3) 67914 (48.
1334,*not asserted*,-,unchecked,All of Us All of Us MarketScanᶜ MarketScanᶜ Characteristic Cases Controls Cases Controls N 4064 15856139468554214 Sex Female 2441 (60.1) 10834 (68.3) 67914 (48.
4407,*not asserted*,-,unchecked,All of Us All of Us MarketScanᶜ MarketScanᶜ Characteristic Cases Controls Cases Controls N 4064 15856139468554214 Sex Female 2441 (60.1) 10834 (68.3) 67914 (48.
27.8,*not asserted*,-,unchecked,All of Us All of Us MarketScanᶜ MarketScanᶜ Characteristic Cases Controls Cases Controls N 4064 15856139468554214 Sex Female 2441 (60.1) 10834 (68.3) 67914 (48.
1427,*not asserted*,-,unchecked,All of Us All of Us MarketScanᶜ MarketScanᶜ Characteristic Cases Controls Cases Controls N 4064 15856139468554214 Sex Female 2441 (60.1) 10834 (68.3) 67914 (48.
35.1,*not asserted*,-,unchecked,All of Us All of Us MarketScanᶜ MarketScanᶜ Characteristic Cases Controls Cases Controls N 4064 15856139468554214 Sex Female 2441 (60.1) 10834 (68.3) 67914 (48.
4819,*not asserted*,-,unchecked,All of Us All of Us MarketScanᶜ MarketScanᶜ Characteristic Cases Controls Cases Controls N 4064 15856139468554214 Sex Female 2441 (60.1) 10834 (68.3) 67914 (48.
30.4,*not asserted*,-,unchecked,All of Us All of Us MarketScanᶜ MarketScanᶜ Characteristic Cases Controls Cases Controls N 4064 15856139468554214 Sex Female 2441 (60.1) 10834 (68.3) 67914 (48.
120,*not asserted*,-,unchecked,All of Us All of Us MarketScanᶜ MarketScanᶜ Characteristic Cases Controls Cases Controls N 4064 15856139468554214 Sex Female 2441 (60.1) 10834 (68.3) 67914 (48.
382,*not asserted*,-,unchecked,All of Us All of Us MarketScanᶜ MarketScanᶜ Characteristic Cases Controls Cases Controls N 4064 15856139468554214 Sex Female 2441 (60.1) 10834 (68.3) 67914 (48.
565,*not asserted*,-,unchecked,All of Us All of Us MarketScanᶜ MarketScanᶜ Characteristic Cases Controls Cases Controls N 4064 15856139468554214 Sex Female 2441 (60.1) 10834 (68.3) 67914 (48.
13.9,*not asserted*,-,unchecked,All of Us All of Us MarketScanᶜ MarketScanᶜ Characteristic Cases Controls Cases Controls N 4064 15856139468554214 Sex Female 2441 (60.1) 10834 (68.3) 67914 (48.
1643,*not asserted*,-,unchecked,All of Us All of Us MarketScanᶜ MarketScanᶜ Characteristic Cases Controls Cases Controls N 4064 15856139468554214 Sex Female 2441 (60.1) 10834 (68.3) 67914 (48.
10.4,*not asserted*,-,unchecked,All of Us All of Us MarketScanᶜ MarketScanᶜ Characteristic Cases Controls Cases Controls N 4064 15856139468554214 Sex Female 2441 (60.1) 10834 (68.3) 67914 (48.
2128,*not asserted*,-,unchecked,All of Us All of Us MarketScanᶜ MarketScanᶜ Characteristic Cases Controls Cases Controls N 4064 15856139468554214 Sex Female 2441 (60.1) 10834 (68.3) 67914 (48.
52.4,*not asserted*,-,unchecked,All of Us All of Us MarketScanᶜ MarketScanᶜ Characteristic Cases Controls Cases Controls N 4064 15856139468554214 Sex Female 2441 (60.1) 10834 (68.3) 67914 (48.
8164,*not asserted*,-,unchecked,All of Us All of Us MarketScanᶜ MarketScanᶜ Characteristic Cases Controls Cases Controls N 4064 15856139468554214 Sex Female 2441 (60.1) 10834 (68.3) 67914 (48.
51.5,*not asserted*,-,unchecked,All of Us All of Us MarketScanᶜ MarketScanᶜ Characteristic Cases Controls Cases Controls N 4064 15856139468554214 Sex Female 2441 (60.1) 10834 (68.3) 67914 (48.
1243,*not asserted*,-,unchecked,All of Us All of Us MarketScanᶜ MarketScanᶜ Characteristic Cases Controls Cases Controls N 4064 15856139468554214 Sex Female 2441 (60.1) 10834 (68.3) 67914 (48.
5758,*not asserted*,-,unchecked,All of Us All of Us MarketScanᶜ MarketScanᶜ Characteristic Cases Controls Cases Controls N 4064 15856139468554214 Sex Female 2441 (60.1) 10834 (68.3) 67914 (48.
36.3,*not asserted*,-,unchecked,All of Us All of Us MarketScanᶜ MarketScanᶜ Characteristic Cases Controls Cases Controls N 4064 15856139468554214 Sex Female 2441 (60.1) 10834 (68.3) 67914 (48.
112,*not asserted*,-,unchecked,All of Us All of Us MarketScanᶜ MarketScanᶜ Characteristic Cases Controls Cases Controls N 4064 15856139468554214 Sex Female 2441 (60.1) 10834 (68.3) 67914 (48.
273,*not asserted*,-,unchecked,All of Us All of Us MarketScanᶜ MarketScanᶜ Characteristic Cases Controls Cases Controls N 4064 15856139468554214 Sex Female 2441 (60.1) 10834 (68.3) 67914 (48.
1519,*not asserted*,-,unchecked,All of Us All of Us MarketScanᶜ MarketScanᶜ Characteristic Cases Controls Cases Controls N 4064 15856139468554214 Sex Female 2441 (60.1) 10834 (68.3) 67914 (48.
6816,*not asserted*,-,unchecked,All of Us All of Us MarketScanᶜ MarketScanᶜ Characteristic Cases Controls Cases Controls N 4064 15856139468554214 Sex Female 2441 (60.1) 10834 (68.3) 67914 (48.
43.0,*not asserted*,-,unchecked,All of Us All of Us MarketScanᶜ MarketScanᶜ Characteristic Cases Controls Cases Controls N 4064 15856139468554214 Sex Female 2441 (60.1) 10834 (68.3) 67914 (48.
50.0,*not asserted*,-,unchecked,All of Us All of Us MarketScanᶜ MarketScanᶜ Characteristic Cases Controls Cases Controls N 4064 15856139468554214 Sex Female 2441 (60.1) 10834 (68.3) 67914 (48.
6849,*not asserted*,-,unchecked,All of Us All of Us MarketScanᶜ MarketScanᶜ Characteristic Cases Controls Cases Controls N 4064 15856139468554214 Sex Female 2441 (60.1) 10834 (68.3) 67914 (48.
43.2,*not asserted*,-,unchecked,All of Us All of Us MarketScanᶜ MarketScanᶜ Characteristic Cases Controls Cases Controls N 4064 15856139468554214 Sex Female 2441 (60.1) 10834 (68.3) 67914 (48.
345,*not asserted*,-,unchecked,All of Us All of Us MarketScanᶜ MarketScanᶜ Characteristic Cases Controls Cases Controls N 4064 15856139468554214 Sex Female 2441 (60.1) 10834 (68.3) 67914 (48.
1615,*not asserted*,-,unchecked,All of Us All of Us MarketScanᶜ MarketScanᶜ Characteristic Cases Controls Cases Controls N 4064 15856139468554214 Sex Female 2441 (60.1) 10834 (68.3) 67914 (48.
10.2,*not asserted*,-,unchecked,All of Us All of Us MarketScanᶜ MarketScanᶜ Characteristic Cases Controls Cases Controls N 4064 15856139468554214 Sex Female 2441 (60.1) 10834 (68.3) 67914 (48.
169,*not asserted*,-,unchecked,All of Us All of Us MarketScanᶜ MarketScanᶜ Characteristic Cases Controls Cases Controls N 4064 15856139468554214 Sex Female 2441 (60.1) 10834 (68.3) 67914 (48.
571,*not asserted*,-,unchecked,All of Us All of Us MarketScanᶜ MarketScanᶜ Characteristic Cases Controls Cases Controls N 4064 15856139468554214 Sex Female 2441 (60.1) 10834 (68.3) 67914 (48.
3281,*not asserted*,-,unchecked,All of Us All of Us MarketScanᶜ MarketScanᶜ Characteristic Cases Controls Cases Controls N 4064 15856139468554214 Sex Female 2441 (60.1) 10834 (68.3) 67914 (48.
80.7,*not asserted*,-,unchecked,All of Us All of Us MarketScanᶜ MarketScanᶜ Characteristic Cases Controls Cases Controls N 4064 15856139468554214 Sex Female 2441 (60.1) 10834 (68.3) 67914 (48.
12967,*not asserted*,-,unchecked,All of Us All of Us MarketScanᶜ MarketScanᶜ Characteristic Cases Controls Cases Controls N 4064 15856139468554214 Sex Female 2441 (60.1) 10834 (68.3) 67914 (48.
81.8,*not asserted*,-,unchecked,All of Us All of Us MarketScanᶜ MarketScanᶜ Characteristic Cases Controls Cases Controls N 4064 15856139468554214 Sex Female 2441 (60.1) 10834 (68.3) 67914 (48.
710,*not asserted*,-,unchecked,All of Us All of Us MarketScanᶜ MarketScanᶜ Characteristic Cases Controls Cases Controls N 4064 15856139468554214 Sex Female 2441 (60.1) 10834 (68.3) 67914 (48.
17.5,*not asserted*,-,unchecked,All of Us All of Us MarketScanᶜ MarketScanᶜ Characteristic Cases Controls Cases Controls N 4064 15856139468554214 Sex Female 2441 (60.1) 10834 (68.3) 67914 (48.
2684,*not asserted*,-,unchecked,All of Us All of Us MarketScanᶜ MarketScanᶜ Characteristic Cases Controls Cases Controls N 4064 15856139468554214 Sex Female 2441 (60.1) 10834 (68.3) 67914 (48.
73,*not asserted*,-,unchecked,All of Us All of Us MarketScanᶜ MarketScanᶜ Characteristic Cases Controls Cases Controls N 4064 15856139468554214 Sex Female 2441 (60.1) 10834 (68.3) 67914 (48.
1.8,*not asserted*,-,unchecked,All of Us All of Us MarketScanᶜ MarketScanᶜ Characteristic Cases Controls Cases Controls N 4064 15856139468554214 Sex Female 2441 (60.1) 10834 (68.3) 67914 (48.
557,*not asserted*,-,unchecked,All of Us All of Us MarketScanᶜ MarketScanᶜ Characteristic Cases Controls Cases Controls N 4064 15856139468554214 Sex Female 2441 (60.1) 10834 (68.3) 67914 (48.
815,*not asserted*,-,unchecked,All of Us All of Us MarketScanᶜ MarketScanᶜ Characteristic Cases Controls Cases Controls N 4064 15856139468554214 Sex Female 2441 (60.1) 10834 (68.3) 67914 (48.
20.1,*not asserted*,-,unchecked,All of Us All of Us MarketScanᶜ MarketScanᶜ Characteristic Cases Controls Cases Controls N 4064 15856139468554214 Sex Female 2441 (60.1) 10834 (68.3) 67914 (48.
3349,*not asserted*,-,unchecked,All of Us All of Us MarketScanᶜ MarketScanᶜ Characteristic Cases Controls Cases Controls N 4064 15856139468554214 Sex Female 2441 (60.1) 10834 (68.3) 67914 (48.
21.1,*not asserted*,-,unchecked,All of Us All of Us MarketScanᶜ MarketScanᶜ Characteristic Cases Controls Cases Controls N 4064 15856139468554214 Sex Female 2441 (60.1) 10834 (68.3) 67914 (48.
2692,*not asserted*,-,unchecked,All of Us All of Us MarketScanᶜ MarketScanᶜ Characteristic Cases Controls Cases Controls N 4064 15856139468554214 Sex Female 2441 (60.1) 10834 (68.3) 67914 (48.
66.2,*not asserted*,-,unchecked,All of Us All of Us MarketScanᶜ MarketScanᶜ Characteristic Cases Controls Cases Controls N 4064 15856139468554214 Sex Female 2441 (60.1) 10834 (68.3) 67914 (48.
10333,*not asserted*,-,unchecked,All of Us All of Us MarketScanᶜ MarketScanᶜ Characteristic Cases Controls Cases Controls N 4064 15856139468554214 Sex Female 2441 (60.1) 10834 (68.3) 67914 (48.
65.2,*not asserted*,-,unchecked,All of Us All of Us MarketScanᶜ MarketScanᶜ Characteristic Cases Controls Cases Controls N 4064 15856139468554214 Sex Female 2441 (60.1) 10834 (68.3) 67914 (48.
788,*not asserted*,-,unchecked,All of Us All of Us MarketScanᶜ MarketScanᶜ Characteristic Cases Controls Cases Controls N 4064 15856139468554214 Sex Female 2441 (60.1) 10834 (68.3) 67914 (48.
19.4,*not asserted*,-,unchecked,All of Us All of Us MarketScanᶜ MarketScanᶜ Characteristic Cases Controls Cases Controls N 4064 15856139468554214 Sex Female 2441 (60.1) 10834 (68.3) 67914 (48.
4201,*not asserted*,-,unchecked,All of Us All of Us MarketScanᶜ MarketScanᶜ Characteristic Cases Controls Cases Controls N 4064 15856139468554214 Sex Female 2441 (60.1) 10834 (68.3) 67914 (48.
940,*not asserted*,-,unchecked,All of Us All of Us MarketScanᶜ MarketScanᶜ Characteristic Cases Controls Cases Controls N 4064 15856139468554214 Sex Female 2441 (60.1) 10834 (68.3) 67914 (48.
3496,*not asserted*,-,unchecked,All of Us All of Us MarketScanᶜ MarketScanᶜ Characteristic Cases Controls Cases Controls N 4064 15856139468554214 Sex Female 2441 (60.1) 10834 (68.3) 67914 (48.
1410,*not asserted*,-,unchecked,All of Us All of Us MarketScanᶜ MarketScanᶜ Characteristic Cases Controls Cases Controls N 4064 15856139468554214 Sex Female 2441 (60.1) 10834 (68.3) 67914 (48.
4159,*not asserted*,-,unchecked,All of Us All of Us MarketScanᶜ MarketScanᶜ Characteristic Cases Controls Cases Controls N 4064 15856139468554214 Sex Female 2441 (60.1) 10834 (68.3) 67914 (48.
368,*not asserted*,-,unchecked,All of Us All of Us MarketScanᶜ MarketScanᶜ Characteristic Cases Controls Cases Controls N 4064 15856139468554214 Sex Female 2441 (60.1) 10834 (68.3) 67914 (48.
9.1,*not asserted*,-,unchecked,All of Us All of Us MarketScanᶜ MarketScanᶜ Characteristic Cases Controls Cases Controls N 4064 15856139468554214 Sex Female 2441 (60.1) 10834 (68.3) 67914 (48.
1316,*not asserted*,-,unchecked,All of Us All of Us MarketScanᶜ MarketScanᶜ Characteristic Cases Controls Cases Controls N 4064 15856139468554214 Sex Female 2441 (60.1) 10834 (68.3) 67914 (48.
558,*not asserted*,-,unchecked,All of Us All of Us MarketScanᶜ MarketScanᶜ Characteristic Cases Controls Cases Controls N 4064 15856139468554214 Sex Female 2441 (60.1) 10834 (68.3) 67914 (48.
200000,*not asserted*,-,unchecked,All of Us All of Us MarketScanᶜ MarketScanᶜ Characteristic Cases Controls Cases Controls N 4064 15856139468554214 Sex Female 2441 (60.1) 10834 (68.3) 67914 (48.
0.90,*not asserted*,-,unchecked,All of Us All of Us MarketScanᶜ MarketScanᶜ Characteristic Cases Controls Cases Controls N 4064 15856139468554214 Sex Female 2441 (60.1) 10834 (68.3) 67914 (48.
0.93,*not asserted*,-,unchecked,All of Us All of Us MarketScanᶜ MarketScanᶜ Characteristic Cases Controls Cases Controls N 4064 15856139468554214 Sex Female 2441 (60.1) 10834 (68.3) 67914 (48.
1.84,*not asserted*,-,unchecked,All of Us All of Us MarketScanᶜ MarketScanᶜ Characteristic Cases Controls Cases Controls N 4064 15856139468554214 Sex Female 2441 (60.1) 10834 (68.3) 67914 (48.
0.95,*not asserted*,-,unchecked,All of Us All of Us MarketScanᶜ MarketScanᶜ Characteristic Cases Controls Cases Controls N 4064 15856139468554214 Sex Female 2441 (60.1) 10834 (68.3) 67914 (48.
1.40,*not asserted*,-,unchecked,All of Us All of Us MarketScanᶜ MarketScanᶜ Characteristic Cases Controls Cases Controls N 4064 15856139468554214 Sex Female 2441 (60.1) 10834 (68.3) 67914 (48.
5.82,*not asserted*,-,unchecked,All of Us All of Us MarketScanᶜ MarketScanᶜ Characteristic Cases Controls Cases Controls N 4064 15856139468554214 Sex Female 2441 (60.1) 10834 (68.3) 67914 (48.
3278,*not asserted*,-,unchecked,The same-day-ED count (n = 3278) is non-exclusive within the 30-day window and includes both strict-phenotype cases (1063) who also had a same-day ED visit and 
1063,*not asserted*,-,unchecked,The same-day-ED count (n = 3278) is non-exclusive within the 30-day window and includes both strict-phenotype cases (1063) who also had a same-day ED visit and 
2031,*not asserted*,-,unchecked,The same-day-ED count (n = 3278) is non-exclusive within the 30-day window and includes both strict-phenotype cases (1063) who also had a same-day ED visit and 
042,*not asserted*,-,unchecked,AIDS defined as HIV diagnosis (042/B20) AND opportunistic infection co-occurrence.
1992,*not asserted*,-,unchecked,"(1992) used one set of codes without differentiation by severity: 582.x, 583.0, 583.1, 583.2, 583.3, 583.4, 583.5, 583.6, 583.7, 585.x, 586.x, and 588.x."
583.0,*not asserted*,-,unchecked,"(1992) used one set of codes without differentiation by severity: 582.x, 583.0, 583.1, 583.2, 583.3, 583.4, 583.5, 583.6, 583.7, 585.x, 586.x, and 588.x."
583.1,*not asserted*,-,unchecked,"(1992) used one set of codes without differentiation by severity: 582.x, 583.0, 583.1, 583.2, 583.3, 583.4, 583.5, 583.6, 583.7, 585.x, 586.x, and 588.x."
583.2,*not asserted*,-,unchecked,"(1992) used one set of codes without differentiation by severity: 582.x, 583.0, 583.1, 583.2, 583.3, 583.4, 583.5, 583.6, 583.7, 585.x, 586.x, and 588.x."
583.3,*not asserted*,-,unchecked,"(1992) used one set of codes without differentiation by severity: 582.x, 583.0, 583.1, 583.2, 583.3, 583.4, 583.5, 583.6, 583.7, 585.x, 586.x, and 588.x."
583.4,*not asserted*,-,unchecked,"(1992) used one set of codes without differentiation by severity: 582.x, 583.0, 583.1, 583.2, 583.3, 583.4, 583.5, 583.6, 583.7, 585.x, 586.x, and 588.x."
583.5,*not asserted*,-,unchecked,"(1992) used one set of codes without differentiation by severity: 582.x, 583.0, 583.1, 583.2, 583.3, 583.4, 583.5, 583.6, 583.7, 585.x, 586.x, and 588.x."
583.6,*not asserted*,-,unchecked,"(1992) used one set of codes without differentiation by severity: 582.x, 583.0, 583.1, 583.2, 583.3, 583.4, 583.5, 583.6, 583.7, 585.x, 586.x, and 588.x."
583.7,*not asserted*,-,unchecked,"(1992) used one set of codes without differentiation by severity: 582.x, 583.0, 583.1, 583.2, 583.3, 583.4, 583.5, 583.6, 583.7, 585.x, 586.x, and 588.x."
0.10,*not asserted*,-,unchecked,(a) Matching variables (b) Full-covariate balance (the 23 variables with the largest |SMD|) Note: 21 of the 23 variables listed have |SMD| > 0.10; the two lowes
4283335,*not asserted*,-,unchecked,Pre-matching counts reflect participants with complete matching variables (139472 cases and 4283335 controls); 17 cases and 376 controls from the raw cohort wer
376,*not asserted*,-,unchecked,Pre-matching counts reflect participants with complete matching variables (139472 cases and 4283335 controls); 17 cases and 376 controls from the raw cohort wer
1.75,*not asserted*,-,unchecked,"Median CI ratio 1.00 across all 32 model terms; one inference changed at P = 0.05 (Asian race, exact 1.00-1.78 versus cluster-robust 1.01-1.75)."
0.068,*not asserted*,-,unchecked,"It produced a non-significant inverse point estimate in AoU (AOR 0.76, P = 0.068) and a significant risk association in MarketScan (AOR 1.27)."
0.613,*not asserted*,-,unchecked,"As shown in eTables 6-8, there were significant differences in the number of diagnoses between cases and controls before matching (AoU SMD = 0.489; MarketScan S"
0.006,*not asserted*,-,unchecked,"In AoU, the pre-matching SMD for number of diagnoses was reduced from 0.489 to 0.006 after matching (99% reduction)."
-0.008,*not asserted*,-,unchecked,"In MarketScan, the SMD was reduced from 0.613 to -0.008 (99% reduction)."
37311061,*not asserted*,-,unchecked,"eReferences Phenotype Code Type Code / Concept ID U07.1 condition OMOP Concept 37311061 Positive SARS-CoV-2 lab OMOP Measurement 586520, 586523, 586525, 586526,"
586520,*not asserted*,-,unchecked,"eReferences Phenotype Code Type Code / Concept ID U07.1 condition OMOP Concept 37311061 Positive SARS-CoV-2 lab OMOP Measurement 586520, 586523, 586525, 586526,"
586523,*not asserted*,-,unchecked,"eReferences Phenotype Code Type Code / Concept ID U07.1 condition OMOP Concept 37311061 Positive SARS-CoV-2 lab OMOP Measurement 586520, 586523, 586525, 586526,"
586525,*not asserted*,-,unchecked,"eReferences Phenotype Code Type Code / Concept ID U07.1 condition OMOP Concept 37311061 Positive SARS-CoV-2 lab OMOP Measurement 586520, 586523, 586525, 586526,"
586526,*not asserted*,-,unchecked,"eReferences Phenotype Code Type Code / Concept ID U07.1 condition OMOP Concept 37311061 Positive SARS-CoV-2 lab OMOP Measurement 586520, 586523, 586525, 586526,"
586529,*not asserted*,-,unchecked,"eReferences Phenotype Code Type Code / Concept ID U07.1 condition OMOP Concept 37311061 Positive SARS-CoV-2 lab OMOP Measurement 586520, 586523, 586525, 586526,"
706157,*not asserted*,-,unchecked,"eReferences Phenotype Code Type Code / Concept ID U07.1 condition OMOP Concept 37311061 Positive SARS-CoV-2 lab OMOP Measurement 586520, 586523, 586525, 586526,"
706159,*not asserted*,-,unchecked,"eReferences Phenotype Code Type Code / Concept ID U07.1 condition OMOP Concept 37311061 Positive SARS-CoV-2 lab OMOP Measurement 586520, 586523, 586525, 586526,"
715261,*not asserted*,-,unchecked,"eReferences Phenotype Code Type Code / Concept ID U07.1 condition OMOP Concept 37311061 Positive SARS-CoV-2 lab OMOP Measurement 586520, 586523, 586525, 586526,"
715272,*not asserted*,-,unchecked,"eReferences Phenotype Code Type Code / Concept ID U07.1 condition OMOP Concept 37311061 Positive SARS-CoV-2 lab OMOP Measurement 586520, 586523, 586525, 586526,"
723470,*not asserted*,-,unchecked,"eReferences Phenotype Code Type Code / Concept ID U07.1 condition OMOP Concept 37311061 Positive SARS-CoV-2 lab OMOP Measurement 586520, 586523, 586525, 586526,"
723472,*not asserted*,-,unchecked,"eReferences Phenotype Code Type Code / Concept ID U07.1 condition OMOP Concept 37311061 Positive SARS-CoV-2 lab OMOP Measurement 586520, 586523, 586525, 586526,"
757678,*not asserted*,-,unchecked,"eReferences Phenotype Code Type Code / Concept ID U07.1 condition OMOP Concept 37311061 Positive SARS-CoV-2 lab OMOP Measurement 586520, 586523, 586525, 586526,"
36032061,*not asserted*,-,unchecked,"eReferences Phenotype Code Type Code / Concept ID U07.1 condition OMOP Concept 37311061 Positive SARS-CoV-2 lab OMOP Measurement 586520, 586523, 586525, 586526,"
36032174,*not asserted*,-,unchecked,"eReferences Phenotype Code Type Code / Concept ID U07.1 condition OMOP Concept 37311061 Positive SARS-CoV-2 lab OMOP Measurement 586520, 586523, 586525, 586526,"
36032258,*not asserted*,-,unchecked,"eReferences Phenotype Code Type Code / Concept ID U07.1 condition OMOP Concept 37311061 Positive SARS-CoV-2 lab OMOP Measurement 586520, 586523, 586525, 586526,"
36661371,*not asserted*,-,unchecked,"eReferences Phenotype Code Type Code / Concept ID U07.1 condition OMOP Concept 37311061 Positive SARS-CoV-2 lab OMOP Measurement 586520, 586523, 586525, 586526,"
586518,*not asserted*,-,unchecked,"eReferences Phenotype Code Type Code / Concept ID U07.1 condition OMOP Concept 37311061 Positive SARS-CoV-2 lab OMOP Measurement 586520, 586523, 586525, 586526,"
586524,*not asserted*,-,unchecked,"eReferences Phenotype Code Type Code / Concept ID U07.1 condition OMOP Concept 37311061 Positive SARS-CoV-2 lab OMOP Measurement 586520, 586523, 586525, 586526,"
706154,*not asserted*,-,unchecked,"eReferences Phenotype Code Type Code / Concept ID U07.1 condition OMOP Concept 37311061 Positive SARS-CoV-2 lab OMOP Measurement 586520, 586523, 586525, 586526,"
706175,*not asserted*,-,unchecked,"eReferences Phenotype Code Type Code / Concept ID U07.1 condition OMOP Concept 37311061 Positive SARS-CoV-2 lab OMOP Measurement 586520, 586523, 586525, 586526,"
723464,*not asserted*,-,unchecked,"eReferences Phenotype Code Type Code / Concept ID U07.1 condition OMOP Concept 37311061 Positive SARS-CoV-2 lab OMOP Measurement 586520, 586523, 586525, 586526,"
723467,*not asserted*,-,unchecked,"eReferences Phenotype Code Type Code / Concept ID U07.1 condition OMOP Concept 37311061 Positive SARS-CoV-2 lab OMOP Measurement 586520, 586523, 586525, 586526,"
723478,*not asserted*,-,unchecked,"eReferences Phenotype Code Type Code / Concept ID U07.1 condition OMOP Concept 37311061 Positive SARS-CoV-2 lab OMOP Measurement 586520, 586523, 586525, 586526,"
36031453,*not asserted*,-,unchecked,"eReferences Phenotype Code Type Code / Concept ID U07.1 condition OMOP Concept 37311061 Positive SARS-CoV-2 lab OMOP Measurement 586520, 586523, 586525, 586526,"
586516,*not asserted*,-,unchecked,"eReferences Phenotype Code Type Code / Concept ID U07.1 condition OMOP Concept 37311061 Positive SARS-CoV-2 lab OMOP Measurement 586520, 586523, 586525, 586526,"
706158,*not asserted*,-,unchecked,"eReferences Phenotype Code Type Code / Concept ID U07.1 condition OMOP Concept 37311061 Positive SARS-CoV-2 lab OMOP Measurement 586520, 586523, 586525, 586526,"
706160,*not asserted*,-,unchecked,"eReferences Phenotype Code Type Code / Concept ID U07.1 condition OMOP Concept 37311061 Positive SARS-CoV-2 lab OMOP Measurement 586520, 586523, 586525, 586526,"
706163,*not asserted*,-,unchecked,"eReferences Phenotype Code Type Code / Concept ID U07.1 condition OMOP Concept 37311061 Positive SARS-CoV-2 lab OMOP Measurement 586520, 586523, 586525, 586526,"
706171,*not asserted*,-,unchecked,"eReferences Phenotype Code Type Code / Concept ID U07.1 condition OMOP Concept 37311061 Positive SARS-CoV-2 lab OMOP Measurement 586520, 586523, 586525, 586526,"
706172,*not asserted*,-,unchecked,"eReferences Phenotype Code Type Code / Concept ID U07.1 condition OMOP Concept 37311061 Positive SARS-CoV-2 lab OMOP Measurement 586520, 586523, 586525, 586526,"
715260,*not asserted*,-,unchecked,"eReferences Phenotype Code Type Code / Concept ID U07.1 condition OMOP Concept 37311061 Positive SARS-CoV-2 lab OMOP Measurement 586520, 586523, 586525, 586526,"
723469,*not asserted*,-,unchecked,"eReferences Phenotype Code Type Code / Concept ID U07.1 condition OMOP Concept 37311061 Positive SARS-CoV-2 lab OMOP Measurement 586520, 586523, 586525, 586526,"
36031213,*not asserted*,-,unchecked,"eReferences Phenotype Code Type Code / Concept ID U07.1 condition OMOP Concept 37311061 Positive SARS-CoV-2 lab OMOP Measurement 586520, 586523, 586525, 586526,"
36661377,*not asserted*,-,unchecked,"eReferences Phenotype Code Type Code / Concept ID U07.1 condition OMOP Concept 37311061 Positive SARS-CoV-2 lab OMOP Measurement 586520, 586523, 586525, 586526,"
586528,*not asserted*,-,unchecked,"eReferences Phenotype Code Type Code / Concept ID U07.1 condition OMOP Concept 37311061 Positive SARS-CoV-2 lab OMOP Measurement 586520, 586523, 586525, 586526,"
706161,*not asserted*,-,unchecked,"eReferences Phenotype Code Type Code / Concept ID U07.1 condition OMOP Concept 37311061 Positive SARS-CoV-2 lab OMOP Measurement 586520, 586523, 586525, 586526,"
706165,*not asserted*,-,unchecked,"eReferences Phenotype Code Type Code / Concept ID U07.1 condition OMOP Concept 37311061 Positive SARS-CoV-2 lab OMOP Measurement 586520, 586523, 586525, 586526,"
706167,*not asserted*,-,unchecked,"eReferences Phenotype Code Type Code / Concept ID U07.1 condition OMOP Concept 37311061 Positive SARS-CoV-2 lab OMOP Measurement 586520, 586523, 586525, 586526,"
723463,*not asserted*,-,unchecked,"eReferences Phenotype Code Type Code / Concept ID U07.1 condition OMOP Concept 37311061 Positive SARS-CoV-2 lab OMOP Measurement 586520, 586523, 586525, 586526,"
723468,*not asserted*,-,unchecked,"eReferences Phenotype Code Type Code / Concept ID U07.1 condition OMOP Concept 37311061 Positive SARS-CoV-2 lab OMOP Measurement 586520, 586523, 586525, 586526,"
723471,*not asserted*,-,unchecked,"eReferences Phenotype Code Type Code / Concept ID U07.1 condition OMOP Concept 37311061 Positive SARS-CoV-2 lab OMOP Measurement 586520, 586523, 586525, 586526,"
757677,*not asserted*,-,unchecked,"eReferences Phenotype Code Type Code / Concept ID U07.1 condition OMOP Concept 37311061 Positive SARS-CoV-2 lab OMOP Measurement 586520, 586523, 586525, 586526,"
36031238,*not asserted*,-,unchecked,"eReferences Phenotype Code Type Code / Concept ID U07.1 condition OMOP Concept 37311061 Positive SARS-CoV-2 lab OMOP Measurement 586520, 586523, 586525, 586526,"
36031944,*not asserted*,-,unchecked,"eReferences Phenotype Code Type Code / Concept ID U07.1 condition OMOP Concept 37311061 Positive SARS-CoV-2 lab OMOP Measurement 586520, 586523, 586525, 586526,"
586519,*not asserted*,-,unchecked,"eReferences Phenotype Code Type Code / Concept ID U07.1 condition OMOP Concept 37311061 Positive SARS-CoV-2 lab OMOP Measurement 586520, 586523, 586525, 586526,"
706166,*not asserted*,-,unchecked,"eReferences Phenotype Code Type Code / Concept ID U07.1 condition OMOP Concept 37311061 Positive SARS-CoV-2 lab OMOP Measurement 586520, 586523, 586525, 586526,"
706169,*not asserted*,-,unchecked,"eReferences Phenotype Code Type Code / Concept ID U07.1 condition OMOP Concept 37311061 Positive SARS-CoV-2 lab OMOP Measurement 586520, 586523, 586525, 586526,"
706173,*not asserted*,-,unchecked,"eReferences Phenotype Code Type Code / Concept ID U07.1 condition OMOP Concept 37311061 Positive SARS-CoV-2 lab OMOP Measurement 586520, 586523, 586525, 586526,"
723465,*not asserted*,-,unchecked,"eReferences Phenotype Code Type Code / Concept ID U07.1 condition OMOP Concept 37311061 Positive SARS-CoV-2 lab OMOP Measurement 586520, 586523, 586525, 586526,"
723476,*not asserted*,-,unchecked,"eReferences Phenotype Code Type Code / Concept ID U07.1 condition OMOP Concept 37311061 Positive SARS-CoV-2 lab OMOP Measurement 586520, 586523, 586525, 586526,"
757685,*not asserted*,-,unchecked,"eReferences Phenotype Code Type Code / Concept ID U07.1 condition OMOP Concept 37311061 Positive SARS-CoV-2 lab OMOP Measurement 586520, 586523, 586525, 586526,"
36031506,*not asserted*,-,unchecked,"eReferences Phenotype Code Type Code / Concept ID U07.1 condition OMOP Concept 37311061 Positive SARS-CoV-2 lab OMOP Measurement 586520, 586523, 586525, 586526,"
706155,*not asserted*,-,unchecked,"eReferences Phenotype Code Type Code / Concept ID U07.1 condition OMOP Concept 37311061 Positive SARS-CoV-2 lab OMOP Measurement 586520, 586523, 586525, 586526,"
706156,*not asserted*,-,unchecked,"eReferences Phenotype Code Type Code / Concept ID U07.1 condition OMOP Concept 37311061 Positive SARS-CoV-2 lab OMOP Measurement 586520, 586523, 586525, 586526,"
706170,*not asserted*,-,unchecked,"eReferences Phenotype Code Type Code / Concept ID U07.1 condition OMOP Concept 37311061 Positive SARS-CoV-2 lab OMOP Measurement 586520, 586523, 586525, 586526,"
723466,*not asserted*,-,unchecked,"eReferences Phenotype Code Type Code / Concept ID U07.1 condition OMOP Concept 37311061 Positive SARS-CoV-2 lab OMOP Measurement 586520, 586523, 586525, 586526,"
36031652,*not asserted*,-,unchecked,"eReferences Phenotype Code Type Code / Concept ID U07.1 condition OMOP Concept 37311061 Positive SARS-CoV-2 lab OMOP Measurement 586520, 586523, 586525, 586526,"
36661370,*not asserted*,-,unchecked,"eReferences Phenotype Code Type Code / Concept ID U07.1 condition OMOP Concept 37311061 Positive SARS-CoV-2 lab OMOP Measurement 586520, 586523, 586525, 586526,"
706168,*not asserted*,-,unchecked,"eReferences Phenotype Code Type Code / Concept ID U07.1 condition OMOP Concept 37311061 Positive SARS-CoV-2 lab OMOP Measurement 586520, 586523, 586525, 586526,"
706174,*not asserted*,-,unchecked,"eReferences Phenotype Code Type Code / Concept ID U07.1 condition OMOP Concept 37311061 Positive SARS-CoV-2 lab OMOP Measurement 586520, 586523, 586525, 586526,"
715262,*not asserted*,-,unchecked,"eReferences Phenotype Code Type Code / Concept ID U07.1 condition OMOP Concept 37311061 Positive SARS-CoV-2 lab OMOP Measurement 586520, 586523, 586525, 586526,"
723477,*not asserted*,-,unchecked,"eReferences Phenotype Code Type Code / Concept ID U07.1 condition OMOP Concept 37311061 Positive SARS-CoV-2 lab OMOP Measurement 586520, 586523, 586525, 586526,"
36032419,*not asserted*,-,unchecked,"eReferences Phenotype Code Type Code / Concept ID U07.1 condition OMOP Concept 37311061 Positive SARS-CoV-2 lab OMOP Measurement 586520, 586523, 586525, 586526,"
36661378,*not asserted*,-,unchecked,"eReferences Phenotype Code Type Code / Concept ID U07.1 condition OMOP Concept 37311061 Positive SARS-CoV-2 lab OMOP Measurement 586520, 586523, 586525, 586526,"
37310257,*not asserted*,-,unchecked,"eReferences Phenotype Code Type Code / Concept ID U07.1 condition OMOP Concept 37311061 Positive SARS-CoV-2 lab OMOP Measurement 586520, 586523, 586525, 586526,"
9191,*not asserted*,-,unchecked,"eReferences Phenotype Code Type Code / Concept ID U07.1 condition OMOP Concept 37311061 Positive SARS-CoV-2 lab OMOP Measurement 586520, 586523, 586525, 586526,"
4126681,*not asserted*,-,unchecked,"eReferences Phenotype Code Type Code / Concept ID U07.1 condition OMOP Concept 37311061 Positive SARS-CoV-2 lab OMOP Measurement 586520, 586523, 586525, 586526,"
36032716,*not asserted*,-,unchecked,"eReferences Phenotype Code Type Code / Concept ID U07.1 condition OMOP Concept 37311061 Positive SARS-CoV-2 lab OMOP Measurement 586520, 586523, 586525, 586526,"
36715206,*not asserted*,-,unchecked,"eReferences Phenotype Code Type Code / Concept ID U07.1 condition OMOP Concept 37311061 Positive SARS-CoV-2 lab OMOP Measurement 586520, 586523, 586525, 586526,"
45878745,*not asserted*,-,unchecked,"eReferences Phenotype Code Type Code / Concept ID U07.1 condition OMOP Concept 37311061 Positive SARS-CoV-2 lab OMOP Measurement 586520, 586523, 586525, 586526,"
45881802,*not asserted*,-,unchecked,"eReferences Phenotype Code Type Code / Concept ID U07.1 condition OMOP Concept 37311061 Positive SARS-CoV-2 lab OMOP Measurement 586520, 586523, 586525, 586526,"
45877985,*not asserted*,-,unchecked,"eReferences Phenotype Code Type Code / Concept ID U07.1 condition OMOP Concept 37311061 Positive SARS-CoV-2 lab OMOP Measurement 586520, 586523, 586525, 586526,"
45884084,*not asserted*,-,unchecked,"eReferences Phenotype Code Type Code / Concept ID U07.1 condition OMOP Concept 37311061 Positive SARS-CoV-2 lab OMOP Measurement 586520, 586523, 586525, 586526,"
2920,*not asserted*,-,unchecked,"eReferences Phenotype Code Type Code / Concept ID U07.1 condition OMOP Concept 37311061 Positive SARS-CoV-2 lab OMOP Measurement 586520, 586523, 586525, 586526,"
44.7,*not asserted*,-,unchecked,"eReferences Phenotype Code Type Code / Concept ID U07.1 condition OMOP Concept 37311061 Positive SARS-CoV-2 lab OMOP Measurement 586520, 586523, 586525, 586526,"
1406,*not asserted*,-,unchecked,"eReferences Phenotype Code Type Code / Concept ID U07.1 condition OMOP Concept 37311061 Positive SARS-CoV-2 lab OMOP Measurement 586520, 586523, 586525, 586526,"
21.5,*not asserted*,-,unchecked,"eReferences Phenotype Code Type Code / Concept ID U07.1 condition OMOP Concept 37311061 Positive SARS-CoV-2 lab OMOP Measurement 586520, 586523, 586525, 586526,"
9203782,*not asserted*,-,unchecked,"eReferences Phenotype Code Type Code / Concept ID U07.1 condition OMOP Concept 37311061 Positive SARS-CoV-2 lab OMOP Measurement 586520, 586523, 586525, 586526,"
12.0,*not asserted*,-,unchecked,"eReferences Phenotype Code Type Code / Concept ID U07.1 condition OMOP Concept 37311061 Positive SARS-CoV-2 lab OMOP Measurement 586520, 586523, 586525, 586526,"
50.2,*not asserted*,-,unchecked,"eReferences Phenotype Code Type Code / Concept ID U07.1 condition OMOP Concept 37311061 Positive SARS-CoV-2 lab OMOP Measurement 586520, 586523, 586525, 586526,"
6531100.0,*not asserted*,-,unchecked,"eReferences Phenotype Code Type Code / Concept ID U07.1 condition OMOP Concept 37311061 Positive SARS-CoV-2 lab OMOP Measurement 586520, 586523, 586525, 586526,"
37003436,*not asserted*,-,unchecked,"eReferences Phenotype Code Type Code / Concept ID U07.1 condition OMOP Concept 37311061 Positive SARS-CoV-2 lab OMOP Measurement 586520, 586523, 586525, 586526,"
37003518,*not asserted*,-,unchecked,"eReferences Phenotype Code Type Code / Concept ID U07.1 condition OMOP Concept 37311061 Positive SARS-CoV-2 lab OMOP Measurement 586520, 586523, 586525, 586526,"
37003446,*not asserted*,-,unchecked,"eReferences Phenotype Code Type Code / Concept ID U07.1 condition OMOP Concept 37311061 Positive SARS-CoV-2 lab OMOP Measurement 586520, 586523, 586525, 586526,"
702866,*not asserted*,-,unchecked,"eReferences Phenotype Code Type Code / Concept ID U07.1 condition OMOP Concept 37311061 Positive SARS-CoV-2 lab OMOP Measurement 586520, 586523, 586525, 586526,"
702834,*not asserted*,-,unchecked,"eReferences Phenotype Code Type Code / Concept ID U07.1 condition OMOP Concept 37311061 Positive SARS-CoV-2 lab OMOP Measurement 586520, 586523, 586525, 586526,"
724907,*not asserted*,-,unchecked,"eReferences Phenotype Code Type Code / Concept ID U07.1 condition OMOP Concept 37311061 Positive SARS-CoV-2 lab OMOP Measurement 586520, 586523, 586525, 586526,"
724906,*not asserted*,-,unchecked,"eReferences Phenotype Code Type Code / Concept ID U07.1 condition OMOP Concept 37311061 Positive SARS-CoV-2 lab OMOP Measurement 586520, 586523, 586525, 586526,"
724905,*not asserted*,-,unchecked,"eReferences Phenotype Code Type Code / Concept ID U07.1 condition OMOP Concept 37311061 Positive SARS-CoV-2 lab OMOP Measurement 586520, 586523, 586525, 586526,"
739906,*not asserted*,-,unchecked,"eReferences Phenotype Code Type Code / Concept ID U07.1 condition OMOP Concept 37311061 Positive SARS-CoV-2 lab OMOP Measurement 586520, 586523, 586525, 586526,"
59267,*not asserted*,-,unchecked,"eReferences Phenotype Code Type Code / Concept ID U07.1 condition OMOP Concept 37311061 Positive SARS-CoV-2 lab OMOP Measurement 586520, 586523, 586525, 586526,"
80777,*not asserted*,-,unchecked,"eReferences Phenotype Code Type Code / Concept ID U07.1 condition OMOP Concept 37311061 Positive SARS-CoV-2 lab OMOP Measurement 586520, 586523, 586525, 586526,"
59676,*not asserted*,-,unchecked,"eReferences Phenotype Code Type Code / Concept ID U07.1 condition OMOP Concept 37311061 Positive SARS-CoV-2 lab OMOP Measurement 586520, 586523, 586525, 586526,"
398.91,*not asserted*,-,unchecked,"eReferences Phenotype Code Type Code / Concept ID U07.1 condition OMOP Concept 37311061 Positive SARS-CoV-2 lab OMOP Measurement 586520, 586523, 586525, 586526,"
402.01,*not asserted*,-,unchecked,"eReferences Phenotype Code Type Code / Concept ID U07.1 condition OMOP Concept 37311061 Positive SARS-CoV-2 lab OMOP Measurement 586520, 586523, 586525, 586526,"
402.11,*not asserted*,-,unchecked,"eReferences Phenotype Code Type Code / Concept ID U07.1 condition OMOP Concept 37311061 Positive SARS-CoV-2 lab OMOP Measurement 586520, 586523, 586525, 586526,"
402.91,*not asserted*,-,unchecked,"eReferences Phenotype Code Type Code / Concept ID U07.1 condition OMOP Concept 37311061 Positive SARS-CoV-2 lab OMOP Measurement 586520, 586523, 586525, 586526,"
404.01,*not asserted*,-,unchecked,"eReferences Phenotype Code Type Code / Concept ID U07.1 condition OMOP Concept 37311061 Positive SARS-CoV-2 lab OMOP Measurement 586520, 586523, 586525, 586526,"
404.03,*not asserted*,-,unchecked,"eReferences Phenotype Code Type Code / Concept ID U07.1 condition OMOP Concept 37311061 Positive SARS-CoV-2 lab OMOP Measurement 586520, 586523, 586525, 586526,"
404.11,*not asserted*,-,unchecked,"eReferences Phenotype Code Type Code / Concept ID U07.1 condition OMOP Concept 37311061 Positive SARS-CoV-2 lab OMOP Measurement 586520, 586523, 586525, 586526,"
404.13,*not asserted*,-,unchecked,"eReferences Phenotype Code Type Code / Concept ID U07.1 condition OMOP Concept 37311061 Positive SARS-CoV-2 lab OMOP Measurement 586520, 586523, 586525, 586526,"
404.91,*not asserted*,-,unchecked,"eReferences Phenotype Code Type Code / Concept ID U07.1 condition OMOP Concept 37311061 Positive SARS-CoV-2 lab OMOP Measurement 586520, 586523, 586525, 586526,"
404.93,*not asserted*,-,unchecked,"eReferences Phenotype Code Type Code / Concept ID U07.1 condition OMOP Concept 37311061 Positive SARS-CoV-2 lab OMOP Measurement 586520, 586523, 586525, 586526,"
425.4,*not asserted*,-,unchecked,"eReferences Phenotype Code Type Code / Concept ID U07.1 condition OMOP Concept 37311061 Positive SARS-CoV-2 lab OMOP Measurement 586520, 586523, 586525, 586526,"
425.5,*not asserted*,-,unchecked,"eReferences Phenotype Code Type Code / Concept ID U07.1 condition OMOP Concept 37311061 Positive SARS-CoV-2 lab OMOP Measurement 586520, 586523, 586525, 586526,"
425.6,*not asserted*,-,unchecked,"eReferences Phenotype Code Type Code / Concept ID U07.1 condition OMOP Concept 37311061 Positive SARS-CoV-2 lab OMOP Measurement 586520, 586523, 586525, 586526,"
425.7,*not asserted*,-,unchecked,"eReferences Phenotype Code Type Code / Concept ID U07.1 condition OMOP Concept 37311061 Positive SARS-CoV-2 lab OMOP Measurement 586520, 586523, 586525, 586526,"
425.8,*not asserted*,-,unchecked,"eReferences Phenotype Code Type Code / Concept ID U07.1 condition OMOP Concept 37311061 Positive SARS-CoV-2 lab OMOP Measurement 586520, 586523, 586525, 586526,"
425.9,*not asserted*,-,unchecked,"eReferences Phenotype Code Type Code / Concept ID U07.1 condition OMOP Concept 37311061 Positive SARS-CoV-2 lab OMOP Measurement 586520, 586523, 586525, 586526,"
093.0,*not asserted*,-,unchecked,"eReferences Phenotype Code Type Code / Concept ID U07.1 condition OMOP Concept 37311061 Positive SARS-CoV-2 lab OMOP Measurement 586520, 586523, 586525, 586526,"
437.3,*not asserted*,-,unchecked,"eReferences Phenotype Code Type Code / Concept ID U07.1 condition OMOP Concept 37311061 Positive SARS-CoV-2 lab OMOP Measurement 586520, 586523, 586525, 586526,"
443.1,*not asserted*,-,unchecked,"eReferences Phenotype Code Type Code / Concept ID U07.1 condition OMOP Concept 37311061 Positive SARS-CoV-2 lab OMOP Measurement 586520, 586523, 586525, 586526,"
443.9,*not asserted*,-,unchecked,"eReferences Phenotype Code Type Code / Concept ID U07.1 condition OMOP Concept 37311061 Positive SARS-CoV-2 lab OMOP Measurement 586520, 586523, 586525, 586526,"
447.1,*not asserted*,-,unchecked,"eReferences Phenotype Code Type Code / Concept ID U07.1 condition OMOP Concept 37311061 Positive SARS-CoV-2 lab OMOP Measurement 586520, 586523, 586525, 586526,"
557.1,*not asserted*,-,unchecked,"eReferences Phenotype Code Type Code / Concept ID U07.1 condition OMOP Concept 37311061 Positive SARS-CoV-2 lab OMOP Measurement 586520, 586523, 586525, 586526,"
557.9,*not asserted*,-,unchecked,"eReferences Phenotype Code Type Code / Concept ID U07.1 condition OMOP Concept 37311061 Positive SARS-CoV-2 lab OMOP Measurement 586520, 586523, 586525, 586526,"
362.34,*not asserted*,-,unchecked,"eReferences Phenotype Code Type Code / Concept ID U07.1 condition OMOP Concept 37311061 Positive SARS-CoV-2 lab OMOP Measurement 586520, 586523, 586525, 586526,"
290.0,*not asserted*,-,unchecked,"eReferences Phenotype Code Type Code / Concept ID U07.1 condition OMOP Concept 37311061 Positive SARS-CoV-2 lab OMOP Measurement 586520, 586523, 586525, 586526,"
290.3,*not asserted*,-,unchecked,"eReferences Phenotype Code Type Code / Concept ID U07.1 condition OMOP Concept 37311061 Positive SARS-CoV-2 lab OMOP Measurement 586520, 586523, 586525, 586526,"
294.0,*not asserted*,-,unchecked,"eReferences Phenotype Code Type Code / Concept ID U07.1 condition OMOP Concept 37311061 Positive SARS-CoV-2 lab OMOP Measurement 586520, 586523, 586525, 586526,"
294.8,*not asserted*,-,unchecked,"eReferences Phenotype Code Type Code / Concept ID U07.1 condition OMOP Concept 37311061 Positive SARS-CoV-2 lab OMOP Measurement 586520, 586523, 586525, 586526,"
331.0,*not asserted*,-,unchecked,"eReferences Phenotype Code Type Code / Concept ID U07.1 condition OMOP Concept 37311061 Positive SARS-CoV-2 lab OMOP Measurement 586520, 586523, 586525, 586526,"
331.2,*not asserted*,-,unchecked,"eReferences Phenotype Code Type Code / Concept ID U07.1 condition OMOP Concept 37311061 Positive SARS-CoV-2 lab OMOP Measurement 586520, 586523, 586525, 586526,"
331.7,*not asserted*,-,unchecked,"eReferences Phenotype Code Type Code / Concept ID U07.1 condition OMOP Concept 37311061 Positive SARS-CoV-2 lab OMOP Measurement 586520, 586523, 586525, 586526,"
797,*not asserted*,-,unchecked,"eReferences Phenotype Code Type Code / Concept ID U07.1 condition OMOP Concept 37311061 Positive SARS-CoV-2 lab OMOP Measurement 586520, 586523, 586525, 586526,"
506.4,*not asserted*,-,unchecked,"eReferences Phenotype Code Type Code / Concept ID U07.1 condition OMOP Concept 37311061 Positive SARS-CoV-2 lab OMOP Measurement 586520, 586523, 586525, 586526,"
508.1,*not asserted*,-,unchecked,"eReferences Phenotype Code Type Code / Concept ID U07.1 condition OMOP Concept 37311061 Positive SARS-CoV-2 lab OMOP Measurement 586520, 586523, 586525, 586526,"
508.8,*not asserted*,-,unchecked,"eReferences Phenotype Code Type Code / Concept ID U07.1 condition OMOP Concept 37311061 Positive SARS-CoV-2 lab OMOP Measurement 586520, 586523, 586525, 586526,"
446.5,*not asserted*,-,unchecked,"eReferences Phenotype Code Type Code / Concept ID U07.1 condition OMOP Concept 37311061 Positive SARS-CoV-2 lab OMOP Measurement 586520, 586523, 586525, 586526,"
710.0,*not asserted*,-,unchecked,"eReferences Phenotype Code Type Code / Concept ID U07.1 condition OMOP Concept 37311061 Positive SARS-CoV-2 lab OMOP Measurement 586520, 586523, 586525, 586526,"
710.1,*not asserted*,-,unchecked,"eReferences Phenotype Code Type Code / Concept ID U07.1 condition OMOP Concept 37311061 Positive SARS-CoV-2 lab OMOP Measurement 586520, 586523, 586525, 586526,"
710.2,*not asserted*,-,unchecked,"eReferences Phenotype Code Type Code / Concept ID U07.1 condition OMOP Concept 37311061 Positive SARS-CoV-2 lab OMOP Measurement 586520, 586523, 586525, 586526,"
710.3,*not asserted*,-,unchecked,"eReferences Phenotype Code Type Code / Concept ID U07.1 condition OMOP Concept 37311061 Positive SARS-CoV-2 lab OMOP Measurement 586520, 586523, 586525, 586526,"
710.4,*not asserted*,-,unchecked,"eReferences Phenotype Code Type Code / Concept ID U07.1 condition OMOP Concept 37311061 Positive SARS-CoV-2 lab OMOP Measurement 586520, 586523, 586525, 586526,"
714.0,*not asserted*,-,unchecked,"eReferences Phenotype Code Type Code / Concept ID U07.1 condition OMOP Concept 37311061 Positive SARS-CoV-2 lab OMOP Measurement 586520, 586523, 586525, 586526,"
714.1,*not asserted*,-,unchecked,"eReferences Phenotype Code Type Code / Concept ID U07.1 condition OMOP Concept 37311061 Positive SARS-CoV-2 lab OMOP Measurement 586520, 586523, 586525, 586526,"
714.2,*not asserted*,-,unchecked,"eReferences Phenotype Code Type Code / Concept ID U07.1 condition OMOP Concept 37311061 Positive SARS-CoV-2 lab OMOP Measurement 586520, 586523, 586525, 586526,"
070.22,*not asserted*,-,unchecked,"eReferences Phenotype Code Type Code / Concept ID U07.1 condition OMOP Concept 37311061 Positive SARS-CoV-2 lab OMOP Measurement 586520, 586523, 586525, 586526,"
070.23,*not asserted*,-,unchecked,"eReferences Phenotype Code Type Code / Concept ID U07.1 condition OMOP Concept 37311061 Positive SARS-CoV-2 lab OMOP Measurement 586520, 586523, 586525, 586526,"
070.32,*not asserted*,-,unchecked,"eReferences Phenotype Code Type Code / Concept ID U07.1 condition OMOP Concept 37311061 Positive SARS-CoV-2 lab OMOP Measurement 586520, 586523, 586525, 586526,"
070.33,*not asserted*,-,unchecked,"eReferences Phenotype Code Type Code / Concept ID U07.1 condition OMOP Concept 37311061 Positive SARS-CoV-2 lab OMOP Measurement 586520, 586523, 586525, 586526,"
070.44,*not asserted*,-,unchecked,"eReferences Phenotype Code Type Code / Concept ID U07.1 condition OMOP Concept 37311061 Positive SARS-CoV-2 lab OMOP Measurement 586520, 586523, 586525, 586526,"
070.54,*not asserted*,-,unchecked,"eReferences Phenotype Code Type Code / Concept ID U07.1 condition OMOP Concept 37311061 Positive SARS-CoV-2 lab OMOP Measurement 586520, 586523, 586525, 586526,"
070.6,*not asserted*,-,unchecked,"eReferences Phenotype Code Type Code / Concept ID U07.1 condition OMOP Concept 37311061 Positive SARS-CoV-2 lab OMOP Measurement 586520, 586523, 586525, 586526,"
070.9,*not asserted*,-,unchecked,"eReferences Phenotype Code Type Code / Concept ID U07.1 condition OMOP Concept 37311061 Positive SARS-CoV-2 lab OMOP Measurement 586520, 586523, 586525, 586526,"
573.3,*not asserted*,-,unchecked,"eReferences Phenotype Code Type Code / Concept ID U07.1 condition OMOP Concept 37311061 Positive SARS-CoV-2 lab OMOP Measurement 586520, 586523, 586525, 586526,"
573.4,*not asserted*,-,unchecked,"eReferences Phenotype Code Type Code / Concept ID U07.1 condition OMOP Concept 37311061 Positive SARS-CoV-2 lab OMOP Measurement 586520, 586523, 586525, 586526,"
573.8,*not asserted*,-,unchecked,"eReferences Phenotype Code Type Code / Concept ID U07.1 condition OMOP Concept 37311061 Positive SARS-CoV-2 lab OMOP Measurement 586520, 586523, 586525, 586526,"
573.9,*not asserted*,-,unchecked,"eReferences Phenotype Code Type Code / Concept ID U07.1 condition OMOP Concept 37311061 Positive SARS-CoV-2 lab OMOP Measurement 586520, 586523, 586525, 586526,"
403.00,*not asserted*,-,unchecked,"eReferences Phenotype Code Type Code / Concept ID U07.1 condition OMOP Concept 37311061 Positive SARS-CoV-2 lab OMOP Measurement 586520, 586523, 586525, 586526,"
403.10,*not asserted*,-,unchecked,"eReferences Phenotype Code Type Code / Concept ID U07.1 condition OMOP Concept 37311061 Positive SARS-CoV-2 lab OMOP Measurement 586520, 586523, 586525, 586526,"
403.90,*not asserted*,-,unchecked,"eReferences Phenotype Code Type Code / Concept ID U07.1 condition OMOP Concept 37311061 Positive SARS-CoV-2 lab OMOP Measurement 586520, 586523, 586525, 586526,"
404.00,*not asserted*,-,unchecked,"eReferences Phenotype Code Type Code / Concept ID U07.1 condition OMOP Concept 37311061 Positive SARS-CoV-2 lab OMOP Measurement 586520, 586523, 586525, 586526,"
404.10,*not asserted*,-,unchecked,"eReferences Phenotype Code Type Code / Concept ID U07.1 condition OMOP Concept 37311061 Positive SARS-CoV-2 lab OMOP Measurement 586520, 586523, 586525, 586526,"
404.90,*not asserted*,-,unchecked,"eReferences Phenotype Code Type Code / Concept ID U07.1 condition OMOP Concept 37311061 Positive SARS-CoV-2 lab OMOP Measurement 586520, 586523, 586525, 586526,"
585.1,*not asserted*,-,unchecked,"eReferences Phenotype Code Type Code / Concept ID U07.1 condition OMOP Concept 37311061 Positive SARS-CoV-2 lab OMOP Measurement 586520, 586523, 586525, 586526,"
585.2,*not asserted*,-,unchecked,"eReferences Phenotype Code Type Code / Concept ID U07.1 condition OMOP Concept 37311061 Positive SARS-CoV-2 lab OMOP Measurement 586520, 586523, 586525, 586526,"
585.3,*not asserted*,-,unchecked,"eReferences Phenotype Code Type Code / Concept ID U07.1 condition OMOP Concept 37311061 Positive SARS-CoV-2 lab OMOP Measurement 586520, 586523, 586525, 586526,"
585.4,*not asserted*,-,unchecked,"eReferences Phenotype Code Type Code / Concept ID U07.1 condition OMOP Concept 37311061 Positive SARS-CoV-2 lab OMOP Measurement 586520, 586523, 586525, 586526,"
585.9,*not asserted*,-,unchecked,"eReferences Phenotype Code Type Code / Concept ID U07.1 condition OMOP Concept 37311061 Positive SARS-CoV-2 lab OMOP Measurement 586520, 586523, 586525, 586526,"
250.4,*not asserted*,-,unchecked,"eReferences Phenotype Code Type Code / Concept ID U07.1 condition OMOP Concept 37311061 Positive SARS-CoV-2 lab OMOP Measurement 586520, 586523, 586525, 586526,"
250.5,*not asserted*,-,unchecked,"eReferences Phenotype Code Type Code / Concept ID U07.1 condition OMOP Concept 37311061 Positive SARS-CoV-2 lab OMOP Measurement 586520, 586523, 586525, 586526,"
250.6,*not asserted*,-,unchecked,"eReferences Phenotype Code Type Code / Concept ID U07.1 condition OMOP Concept 37311061 Positive SARS-CoV-2 lab OMOP Measurement 586520, 586523, 586525, 586526,"
250.7,*not asserted*,-,unchecked,"eReferences Phenotype Code Type Code / Concept ID U07.1 condition OMOP Concept 37311061 Positive SARS-CoV-2 lab OMOP Measurement 586520, 586523, 586525, 586526,"
334.1,*not asserted*,-,unchecked,"eReferences Phenotype Code Type Code / Concept ID U07.1 condition OMOP Concept 37311061 Positive SARS-CoV-2 lab OMOP Measurement 586520, 586523, 586525, 586526,"
199.1,*not asserted*,-,unchecked,"eReferences Phenotype Code Type Code / Concept ID U07.1 condition OMOP Concept 37311061 Positive SARS-CoV-2 lab OMOP Measurement 586520, 586523, 586525, 586526,"
238.6,*not asserted*,-,unchecked,"eReferences Phenotype Code Type Code / Concept ID U07.1 condition OMOP Concept 37311061 Positive SARS-CoV-2 lab OMOP Measurement 586520, 586523, 586525, 586526,"
456.0,*not asserted*,-,unchecked,"eReferences Phenotype Code Type Code / Concept ID U07.1 condition OMOP Concept 37311061 Positive SARS-CoV-2 lab OMOP Measurement 586520, 586523, 586525, 586526,"
456.1,*not asserted*,-,unchecked,"eReferences Phenotype Code Type Code / Concept ID U07.1 condition OMOP Concept 37311061 Positive SARS-CoV-2 lab OMOP Measurement 586520, 586523, 586525, 586526,"
572.2,*not asserted*,-,unchecked,"eReferences Phenotype Code Type Code / Concept ID U07.1 condition OMOP Concept 37311061 Positive SARS-CoV-2 lab OMOP Measurement 586520, 586523, 586525, 586526,"
572.3,*not asserted*,-,unchecked,"eReferences Phenotype Code Type Code / Concept ID U07.1 condition OMOP Concept 37311061 Positive SARS-CoV-2 lab OMOP Measurement 586520, 586523, 586525, 586526,"
572.4,*not asserted*,-,unchecked,"eReferences Phenotype Code Type Code / Concept ID U07.1 condition OMOP Concept 37311061 Positive SARS-CoV-2 lab OMOP Measurement 586520, 586523, 586525, 586526,"
572.8,*not asserted*,-,unchecked,"eReferences Phenotype Code Type Code / Concept ID U07.1 condition OMOP Concept 37311061 Positive SARS-CoV-2 lab OMOP Measurement 586520, 586523, 586525, 586526,"
403.01,*not asserted*,-,unchecked,"eReferences Phenotype Code Type Code / Concept ID U07.1 condition OMOP Concept 37311061 Positive SARS-CoV-2 lab OMOP Measurement 586520, 586523, 586525, 586526,"
403.11,*not asserted*,-,unchecked,"eReferences Phenotype Code Type Code / Concept ID U07.1 condition OMOP Concept 37311061 Positive SARS-CoV-2 lab OMOP Measurement 586520, 586523, 586525, 586526,"
403.91,*not asserted*,-,unchecked,"eReferences Phenotype Code Type Code / Concept ID U07.1 condition OMOP Concept 37311061 Positive SARS-CoV-2 lab OMOP Measurement 586520, 586523, 586525, 586526,"
404.02,*not asserted*,-,unchecked,"eReferences Phenotype Code Type Code / Concept ID U07.1 condition OMOP Concept 37311061 Positive SARS-CoV-2 lab OMOP Measurement 586520, 586523, 586525, 586526,"
404.12,*not asserted*,-,unchecked,"eReferences Phenotype Code Type Code / Concept ID U07.1 condition OMOP Concept 37311061 Positive SARS-CoV-2 lab OMOP Measurement 586520, 586523, 586525, 586526,"
404.92,*not asserted*,-,unchecked,"eReferences Phenotype Code Type Code / Concept ID U07.1 condition OMOP Concept 37311061 Positive SARS-CoV-2 lab OMOP Measurement 586520, 586523, 586525, 586526,"
585.5,*not asserted*,-,unchecked,"eReferences Phenotype Code Type Code / Concept ID U07.1 condition OMOP Concept 37311061 Positive SARS-CoV-2 lab OMOP Measurement 586520, 586523, 586525, 586526,"
585.6,*not asserted*,-,unchecked,"eReferences Phenotype Code Type Code / Concept ID U07.1 condition OMOP Concept 37311061 Positive SARS-CoV-2 lab OMOP Measurement 586520, 586523, 586525, 586526,"
588.0,*not asserted*,-,unchecked,"eReferences Phenotype Code Type Code / Concept ID U07.1 condition OMOP Concept 37311061 Positive SARS-CoV-2 lab OMOP Measurement 586520, 586523, 586525, 586526,"
199.0,*not asserted*,-,unchecked,"eReferences Phenotype Code Type Code / Concept ID U07.1 condition OMOP Concept 37311061 Positive SARS-CoV-2 lab OMOP Measurement 586520, 586523, 586525, 586526,"
117.5,*not asserted*,-,unchecked,"eReferences Phenotype Code Type Code / Concept ID U07.1 condition OMOP Concept 37311061 Positive SARS-CoV-2 lab OMOP Measurement 586520, 586523, 586525, 586526,"
007.4,*not asserted*,-,unchecked,"eReferences Phenotype Code Type Code / Concept ID U07.1 condition OMOP Concept 37311061 Positive SARS-CoV-2 lab OMOP Measurement 586520, 586523, 586525, 586526,"
078.5,*not asserted*,-,unchecked,"eReferences Phenotype Code Type Code / Concept ID U07.1 condition OMOP Concept 37311061 Positive SARS-CoV-2 lab OMOP Measurement 586520, 586523, 586525, 586526,"
007.2,*not asserted*,-,unchecked,"eReferences Phenotype Code Type Code / Concept ID U07.1 condition OMOP Concept 37311061 Positive SARS-CoV-2 lab OMOP Measurement 586520, 586523, 586525, 586526,"
200,*not asserted*,-,unchecked,"eReferences Phenotype Code Type Code / Concept ID U07.1 condition OMOP Concept 37311061 Positive SARS-CoV-2 lab OMOP Measurement 586520, 586523, 586525, 586526,"
209,*not asserted*,-,unchecked,"eReferences Phenotype Code Type Code / Concept ID U07.1 condition OMOP Concept 37311061 Positive SARS-CoV-2 lab OMOP Measurement 586520, 586523, 586525, 586526,"
010,*not asserted*,-,unchecked,"eReferences Phenotype Code Type Code / Concept ID U07.1 condition OMOP Concept 37311061 Positive SARS-CoV-2 lab OMOP Measurement 586520, 586523, 586525, 586526,"
018,*not asserted*,-,unchecked,"eReferences Phenotype Code Type Code / Concept ID U07.1 condition OMOP Concept 37311061 Positive SARS-CoV-2 lab OMOP Measurement 586520, 586523, 586525, 586526,"
136.3,*not asserted*,-,unchecked,"eReferences Phenotype Code Type Code / Concept ID U07.1 condition OMOP Concept 37311061 Positive SARS-CoV-2 lab OMOP Measurement 586520, 586523, 586525, 586526,"
046.3,*not asserted*,-,unchecked,"eReferences Phenotype Code Type Code / Concept ID U07.1 condition OMOP Concept 37311061 Positive SARS-CoV-2 lab OMOP Measurement 586520, 586523, 586525, 586526,"
003.1,*not asserted*,-,unchecked,"eReferences Phenotype Code Type Code / Concept ID U07.1 condition OMOP Concept 37311061 Positive SARS-CoV-2 lab OMOP Measurement 586520, 586523, 586525, 586526,"
799.4,*not asserted*,-,unchecked,"eReferences Phenotype Code Type Code / Concept ID U07.1 condition OMOP Concept 37311061 Positive SARS-CoV-2 lab OMOP Measurement 586520, 586523, 586525, 586526,"
903573,*not asserted*,-,unchecked,"eReferences Phenotype Code Type Code / Concept ID U07.1 condition OMOP Concept 37311061 Positive SARS-CoV-2 lab OMOP Measurement 586520, 586523, 586525, 586526,"
903587,*not asserted*,-,unchecked,"eReferences Phenotype Code Type Code / Concept ID U07.1 condition OMOP Concept 37311061 Positive SARS-CoV-2 lab OMOP Measurement 586520, 586523, 586525, 586526,"
903503,*not asserted*,-,unchecked,"eReferences Phenotype Code Type Code / Concept ID U07.1 condition OMOP Concept 37311061 Positive SARS-CoV-2 lab OMOP Measurement 586520, 586523, 586525, 586526,"
903574,*not asserted*,-,unchecked,"eReferences Phenotype Code Type Code / Concept ID U07.1 condition OMOP Concept 37311061 Positive SARS-CoV-2 lab OMOP Measurement 586520, 586523, 586525, 586526,"
903504,*not asserted*,-,unchecked,"eReferences Phenotype Code Type Code / Concept ID U07.1 condition OMOP Concept 37311061 Positive SARS-CoV-2 lab OMOP Measurement 586520, 586523, 586525, 586526,"
903597,*not asserted*,-,unchecked,"eReferences Phenotype Code Type Code / Concept ID U07.1 condition OMOP Concept 37311061 Positive SARS-CoV-2 lab OMOP Measurement 586520, 586523, 586525, 586526,"
903575,*not asserted*,-,unchecked,"eReferences Phenotype Code Type Code / Concept ID U07.1 condition OMOP Concept 37311061 Positive SARS-CoV-2 lab OMOP Measurement 586520, 586523, 586525, 586526,"
903599,*not asserted*,-,unchecked,"eReferences Phenotype Code Type Code / Concept ID U07.1 condition OMOP Concept 37311061 Positive SARS-CoV-2 lab OMOP Measurement 586520, 586523, 586525, 586526,"
903600,*not asserted*,-,unchecked,"eReferences Phenotype Code Type Code / Concept ID U07.1 condition OMOP Concept 37311061 Positive SARS-CoV-2 lab OMOP Measurement 586520, 586523, 586525, 586526,"
903576,*not asserted*,-,unchecked,"eReferences Phenotype Code Type Code / Concept ID U07.1 condition OMOP Concept 37311061 Positive SARS-CoV-2 lab OMOP Measurement 586520, 586523, 586525, 586526,"
903602,*not asserted*,-,unchecked,"eReferences Phenotype Code Type Code / Concept ID U07.1 condition OMOP Concept 37311061 Positive SARS-CoV-2 lab OMOP Measurement 586520, 586523, 586525, 586526,"
903603,*not asserted*,-,unchecked,"eReferences Phenotype Code Type Code / Concept ID U07.1 condition OMOP Concept 37311061 Positive SARS-CoV-2 lab OMOP Measurement 586520, 586523, 586525, 586526,"
903577,*not asserted*,-,unchecked,"eReferences Phenotype Code Type Code / Concept ID U07.1 condition OMOP Concept 37311061 Positive SARS-CoV-2 lab OMOP Measurement 586520, 586523, 586525, 586526,"
903605,*not asserted*,-,unchecked,"eReferences Phenotype Code Type Code / Concept ID U07.1 condition OMOP Concept 37311061 Positive SARS-CoV-2 lab OMOP Measurement 586520, 586523, 586525, 586526,"
903606,*not asserted*,-,unchecked,"eReferences Phenotype Code Type Code / Concept ID U07.1 condition OMOP Concept 37311061 Positive SARS-CoV-2 lab OMOP Measurement 586520, 586523, 586525, 586526,"
903578,*not asserted*,-,unchecked,"eReferences Phenotype Code Type Code / Concept ID U07.1 condition OMOP Concept 37311061 Positive SARS-CoV-2 lab OMOP Measurement 586520, 586523, 586525, 586526,"
903608,*not asserted*,-,unchecked,"eReferences Phenotype Code Type Code / Concept ID U07.1 condition OMOP Concept 37311061 Positive SARS-CoV-2 lab OMOP Measurement 586520, 586523, 586525, 586526,"
903609,*not asserted*,-,unchecked,"eReferences Phenotype Code Type Code / Concept ID U07.1 condition OMOP Concept 37311061 Positive SARS-CoV-2 lab OMOP Measurement 586520, 586523, 586525, 586526,"
43528428,*not asserted*,-,unchecked,"eReferences Phenotype Code Type Code / Concept ID U07.1 condition OMOP Concept 37311061 Positive SARS-CoV-2 lab OMOP Measurement 586520, 586523, 586525, 586526,"
43529120,*not asserted*,-,unchecked,"eReferences Phenotype Code Type Code / Concept ID U07.1 condition OMOP Concept 37311061 Positive SARS-CoV-2 lab OMOP Measurement 586520, 586523, 586525, 586526,"
43529210,*not asserted*,-,unchecked,"eReferences Phenotype Code Type Code / Concept ID U07.1 condition OMOP Concept 37311061 Positive SARS-CoV-2 lab OMOP Measurement 586520, 586523, 586525, 586526,"
43529209,*not asserted*,-,unchecked,"eReferences Phenotype Code Type Code / Concept ID U07.1 condition OMOP Concept 37311061 Positive SARS-CoV-2 lab OMOP Measurement 586520, 586523, 586525, 586526,"
1585952,*not asserted*,-,unchecked,"eReferences Phenotype Code Type Code / Concept ID U07.1 condition OMOP Concept 37311061 Positive SARS-CoV-2 lab OMOP Measurement 586520, 586523, 586525, 586526,"
1585953,*not asserted*,-,unchecked,"eReferences Phenotype Code Type Code / Concept ID U07.1 condition OMOP Concept 37311061 Positive SARS-CoV-2 lab OMOP Measurement 586520, 586523, 586525, 586526,"
1585958,*not asserted*,-,unchecked,"eReferences Phenotype Code Type Code / Concept ID U07.1 condition OMOP Concept 37311061 Positive SARS-CoV-2 lab OMOP Measurement 586520, 586523, 586525, 586526,"
1585955,*not asserted*,-,unchecked,"eReferences Phenotype Code Type Code / Concept ID U07.1 condition OMOP Concept 37311061 Positive SARS-CoV-2 lab OMOP Measurement 586520, 586523, 586525, 586526,"
1585956,*not asserted*,-,unchecked,"eReferences Phenotype Code Type Code / Concept ID U07.1 condition OMOP Concept 37311061 Positive SARS-CoV-2 lab OMOP Measurement 586520, 586523, 586525, 586526,"
1585960,*not asserted*,-,unchecked,"eReferences Phenotype Code Type Code / Concept ID U07.1 condition OMOP Concept 37311061 Positive SARS-CoV-2 lab OMOP Measurement 586520, 586523, 586525, 586526,"
1585375,*not asserted*,-,unchecked,"eReferences Phenotype Code Type Code / Concept ID U07.1 condition OMOP Concept 37311061 Positive SARS-CoV-2 lab OMOP Measurement 586520, 586523, 586525, 586526,"
1585376,*not asserted*,-,unchecked,"eReferences Phenotype Code Type Code / Concept ID U07.1 condition OMOP Concept 37311061 Positive SARS-CoV-2 lab OMOP Measurement 586520, 586523, 586525, 586526,"
1585377,*not asserted*,-,unchecked,"eReferences Phenotype Code Type Code / Concept ID U07.1 condition OMOP Concept 37311061 Positive SARS-CoV-2 lab OMOP Measurement 586520, 586523, 586525, 586526,"
1585378,*not asserted*,-,unchecked,"eReferences Phenotype Code Type Code / Concept ID U07.1 condition OMOP Concept 37311061 Positive SARS-CoV-2 lab OMOP Measurement 586520, 586523, 586525, 586526,"
1585379,*not asserted*,-,unchecked,"eReferences Phenotype Code Type Code / Concept ID U07.1 condition OMOP Concept 37311061 Positive SARS-CoV-2 lab OMOP Measurement 586520, 586523, 586525, 586526,"
1585381,*not asserted*,-,unchecked,"eReferences Phenotype Code Type Code / Concept ID U07.1 condition OMOP Concept 37311061 Positive SARS-CoV-2 lab OMOP Measurement 586520, 586523, 586525, 586526,"
100,*not asserted*,-,unchecked,"eReferences Phenotype Code Type Code / Concept ID U07.1 condition OMOP Concept 37311061 Positive SARS-CoV-2 lab OMOP Measurement 586520, 586523, 586525, 586526,"
1585382,*not asserted*,-,unchecked,"eReferences Phenotype Code Type Code / Concept ID U07.1 condition OMOP Concept 37311061 Positive SARS-CoV-2 lab OMOP Measurement 586520, 586523, 586525, 586526,"
1585383,*not asserted*,-,unchecked,"eReferences Phenotype Code Type Code / Concept ID U07.1 condition OMOP Concept 37311061 Positive SARS-CoV-2 lab OMOP Measurement 586520, 586523, 586525, 586526,"
1585384,*not asserted*,-,unchecked,"eReferences Phenotype Code Type Code / Concept ID U07.1 condition OMOP Concept 37311061 Positive SARS-CoV-2 lab OMOP Measurement 586520, 586523, 586525, 586526,"
1585940,*not asserted*,-,unchecked,"eReferences Phenotype Code Type Code / Concept ID U07.1 condition OMOP Concept 37311061 Positive SARS-CoV-2 lab OMOP Measurement 586520, 586523, 586525, 586526,"
1585941,*not asserted*,-,unchecked,"eReferences Phenotype Code Type Code / Concept ID U07.1 condition OMOP Concept 37311061 Positive SARS-CoV-2 lab OMOP Measurement 586520, 586523, 586525, 586526,"
1585942,*not asserted*,-,unchecked,"eReferences Phenotype Code Type Code / Concept ID U07.1 condition OMOP Concept 37311061 Positive SARS-CoV-2 lab OMOP Measurement 586520, 586523, 586525, 586526,"
1585944,*not asserted*,-,unchecked,"eReferences Phenotype Code Type Code / Concept ID U07.1 condition OMOP Concept 37311061 Positive SARS-CoV-2 lab OMOP Measurement 586520, 586523, 586525, 586526,"
1585945,*not asserted*,-,unchecked,"eReferences Phenotype Code Type Code / Concept ID U07.1 condition OMOP Concept 37311061 Positive SARS-CoV-2 lab OMOP Measurement 586520, 586523, 586525, 586526,"
1585946,*not asserted*,-,unchecked,"eReferences Phenotype Code Type Code / Concept ID U07.1 condition OMOP Concept 37311061 Positive SARS-CoV-2 lab OMOP Measurement 586520, 586523, 586525, 586526,"
1585947,*not asserted*,-,unchecked,"eReferences Phenotype Code Type Code / Concept ID U07.1 condition OMOP Concept 37311061 Positive SARS-CoV-2 lab OMOP Measurement 586520, 586523, 586525, 586526,"
1585948,*not asserted*,-,unchecked,"eReferences Phenotype Code Type Code / Concept ID U07.1 condition OMOP Concept 37311061 Positive SARS-CoV-2 lab OMOP Measurement 586520, 586523, 586525, 586526,"
1585370,*not asserted*,-,unchecked,"eReferences Phenotype Code Type Code / Concept ID U07.1 condition OMOP Concept 37311061 Positive SARS-CoV-2 lab OMOP Measurement 586520, 586523, 586525, 586526,"
1585371,*not asserted*,-,unchecked,"eReferences Phenotype Code Type Code / Concept ID U07.1 condition OMOP Concept 37311061 Positive SARS-CoV-2 lab OMOP Measurement 586520, 586523, 586525, 586526,"
1585372,*not asserted*,-,unchecked,"eReferences Phenotype Code Type Code / Concept ID U07.1 condition OMOP Concept 37311061 Positive SARS-CoV-2 lab OMOP Measurement 586520, 586523, 586525, 586526,"
1585373,*not asserted*,-,unchecked,"eReferences Phenotype Code Type Code / Concept ID U07.1 condition OMOP Concept 37311061 Positive SARS-CoV-2 lab OMOP Measurement 586520, 586523, 586525, 586526,"
1585886,*not asserted*,-,unchecked,"eReferences Phenotype Code Type Code / Concept ID U07.1 condition OMOP Concept 37311061 Positive SARS-CoV-2 lab OMOP Measurement 586520, 586523, 586525, 586526,"
1585887,*not asserted*,-,unchecked,"eReferences Phenotype Code Type Code / Concept ID U07.1 condition OMOP Concept 37311061 Positive SARS-CoV-2 lab OMOP Measurement 586520, 586523, 586525, 586526,"
1585888,*not asserted*,-,unchecked,"eReferences Phenotype Code Type Code / Concept ID U07.1 condition OMOP Concept 37311061 Positive SARS-CoV-2 lab OMOP Measurement 586520, 586523, 586525, 586526,"
737236,*not asserted*,-,unchecked,"eReferences Phenotype Code Type Code / Concept ID U07.1 condition OMOP Concept 37311061 Positive SARS-CoV-2 lab OMOP Measurement 586520, 586523, 586525, 586526,"
737018,*not asserted*,-,unchecked,"eReferences Phenotype Code Type Code / Concept ID U07.1 condition OMOP Concept 37311061 Positive SARS-CoV-2 lab OMOP Measurement 586520, 586523, 586525, 586526,"
737434,*not asserted*,-,unchecked,"eReferences Phenotype Code Type Code / Concept ID U07.1 condition OMOP Concept 37311061 Positive SARS-CoV-2 lab OMOP Measurement 586520, 586523, 586525, 586526,"
737256,*not asserted*,-,unchecked,"eReferences Phenotype Code Type Code / Concept ID U07.1 condition OMOP Concept 37311061 Positive SARS-CoV-2 lab OMOP Measurement 586520, 586523, 586525, 586526,"
737011,*not asserted*,-,unchecked,"eReferences Phenotype Code Type Code / Concept ID U07.1 condition OMOP Concept 37311061 Positive SARS-CoV-2 lab OMOP Measurement 586520, 586523, 586525, 586526,"
737494,*not asserted*,-,unchecked,"eReferences Phenotype Code Type Code / Concept ID U07.1 condition OMOP Concept 37311061 Positive SARS-CoV-2 lab OMOP Measurement 586520, 586523, 586525, 586526,"
-0.092,*not asserted*,-,unchecked,"eReferences Phenotype Code Type Code / Concept ID U07.1 condition OMOP Concept 37311061 Positive SARS-CoV-2 lab OMOP Measurement 586520, 586523, 586525, 586526,"
69,*not asserted*,-,unchecked,"eReferences Phenotype Code Type Code / Concept ID U07.1 condition OMOP Concept 37311061 Positive SARS-CoV-2 lab OMOP Measurement 586520, 586523, 586525, 586526,"
121,*not asserted*,-,unchecked,"eReferences Phenotype Code Type Code / Concept ID U07.1 condition OMOP Concept 37311061 Positive SARS-CoV-2 lab OMOP Measurement 586520, 586523, 586525, 586526,"
3854,*not asserted*,-,unchecked,"eReferences Phenotype Code Type Code / Concept ID U07.1 condition OMOP Concept 37311061 Positive SARS-CoV-2 lab OMOP Measurement 586520, 586523, 586525, 586526,"
2417,*not asserted*,-,unchecked,"eReferences Phenotype Code Type Code / Concept ID U07.1 condition OMOP Concept 37311061 Positive SARS-CoV-2 lab OMOP Measurement 586520, 586523, 586525, 586526,"
6323,*not asserted*,-,unchecked,"eReferences Phenotype Code Type Code / Concept ID U07.1 condition OMOP Concept 37311061 Positive SARS-CoV-2 lab OMOP Measurement 586520, 586523, 586525, 586526,"
3425,*not asserted*,-,unchecked,"eReferences Phenotype Code Type Code / Concept ID U07.1 condition OMOP Concept 37311061 Positive SARS-CoV-2 lab OMOP Measurement 586520, 586523, 586525, 586526,"
2137,*not asserted*,-,unchecked,"eReferences Phenotype Code Type Code / Concept ID U07.1 condition OMOP Concept 37311061 Positive SARS-CoV-2 lab OMOP Measurement 586520, 586523, 586525, 586526,"
6097,*not asserted*,-,unchecked,"eReferences Phenotype Code Type Code / Concept ID U07.1 condition OMOP Concept 37311061 Positive SARS-CoV-2 lab OMOP Measurement 586520, 586523, 586525, 586526,"
0.042,*not asserted*,-,unchecked,"eReferences Phenotype Code Type Code / Concept ID U07.1 condition OMOP Concept 37311061 Positive SARS-CoV-2 lab OMOP Measurement 586520, 586523, 586525, 586526,"
737229,*not asserted*,-,unchecked,"eReferences Phenotype Code Type Code / Concept ID U07.1 condition OMOP Concept 37311061 Positive SARS-CoV-2 lab OMOP Measurement 586520, 586523, 586525, 586526,"
736989,*not asserted*,-,unchecked,"eReferences Phenotype Code Type Code / Concept ID U07.1 condition OMOP Concept 37311061 Positive SARS-CoV-2 lab OMOP Measurement 586520, 586523, 586525, 586526,"
737461,*not asserted*,-,unchecked,"eReferences Phenotype Code Type Code / Concept ID U07.1 condition OMOP Concept 37311061 Positive SARS-CoV-2 lab OMOP Measurement 586520, 586523, 586525, 586526,"
0.025,*not asserted*,-,unchecked,"eReferences Phenotype Code Type Code / Concept ID U07.1 condition OMOP Concept 37311061 Positive SARS-CoV-2 lab OMOP Measurement 586520, 586523, 586525, 586526,"
58,*not asserted*,-,unchecked,"eReferences Phenotype Code Type Code / Concept ID U07.1 condition OMOP Concept 37311061 Positive SARS-CoV-2 lab OMOP Measurement 586520, 586523, 586525, 586526,"
3558,*not asserted*,-,unchecked,"eReferences Phenotype Code Type Code / Concept ID U07.1 condition OMOP Concept 37311061 Positive SARS-CoV-2 lab OMOP Measurement 586520, 586523, 586525, 586526,"
2409,*not asserted*,-,unchecked,"eReferences Phenotype Code Type Code / Concept ID U07.1 condition OMOP Concept 37311061 Positive SARS-CoV-2 lab OMOP Measurement 586520, 586523, 586525, 586526,"
6094,*not asserted*,-,unchecked,"eReferences Phenotype Code Type Code / Concept ID U07.1 condition OMOP Concept 37311061 Positive SARS-CoV-2 lab OMOP Measurement 586520, 586523, 586525, 586526,"
0.011,*not asserted*,-,unchecked,"eReferences Phenotype Code Type Code / Concept ID U07.1 condition OMOP Concept 37311061 Positive SARS-CoV-2 lab OMOP Measurement 586520, 586523, 586525, 586526,"
0.290,*not asserted*,-,unchecked,"eReferences Phenotype Code Type Code / Concept ID U07.1 condition OMOP Concept 37311061 Positive SARS-CoV-2 lab OMOP Measurement 586520, 586523, 586525, 586526,"
-0.255,*not asserted*,-,unchecked,"eReferences Phenotype Code Type Code / Concept ID U07.1 condition OMOP Concept 37311061 Positive SARS-CoV-2 lab OMOP Measurement 586520, 586523, 586525, 586526,"
-0.221,*not asserted*,-,unchecked,"eReferences Phenotype Code Type Code / Concept ID U07.1 condition OMOP Concept 37311061 Positive SARS-CoV-2 lab OMOP Measurement 586520, 586523, 586525, 586526,"
0.192,*not asserted*,-,unchecked,"eReferences Phenotype Code Type Code / Concept ID U07.1 condition OMOP Concept 37311061 Positive SARS-CoV-2 lab OMOP Measurement 586520, 586523, 586525, 586526,"
0.189,*not asserted*,-,unchecked,"eReferences Phenotype Code Type Code / Concept ID U07.1 condition OMOP Concept 37311061 Positive SARS-CoV-2 lab OMOP Measurement 586520, 586523, 586525, 586526,"
-0.150,*not asserted*,-,unchecked,"eReferences Phenotype Code Type Code / Concept ID U07.1 condition OMOP Concept 37311061 Positive SARS-CoV-2 lab OMOP Measurement 586520, 586523, 586525, 586526,"
-0.169,*not asserted*,-,unchecked,"eReferences Phenotype Code Type Code / Concept ID U07.1 condition OMOP Concept 37311061 Positive SARS-CoV-2 lab OMOP Measurement 586520, 586523, 586525, 586526,"
-0.170,*not asserted*,-,unchecked,"eReferences Phenotype Code Type Code / Concept ID U07.1 condition OMOP Concept 37311061 Positive SARS-CoV-2 lab OMOP Measurement 586520, 586523, 586525, 586526,"
0.174,*not asserted*,-,unchecked,"eReferences Phenotype Code Type Code / Concept ID U07.1 condition OMOP Concept 37311061 Positive SARS-CoV-2 lab OMOP Measurement 586520, 586523, 586525, 586526,"
0.144,*not asserted*,-,unchecked,"eReferences Phenotype Code Type Code / Concept ID U07.1 condition OMOP Concept 37311061 Positive SARS-CoV-2 lab OMOP Measurement 586520, 586523, 586525, 586526,"
-0.141,*not asserted*,-,unchecked,"eReferences Phenotype Code Type Code / Concept ID U07.1 condition OMOP Concept 37311061 Positive SARS-CoV-2 lab OMOP Measurement 586520, 586523, 586525, 586526,"
0.129,*not asserted*,-,unchecked,"eReferences Phenotype Code Type Code / Concept ID U07.1 condition OMOP Concept 37311061 Positive SARS-CoV-2 lab OMOP Measurement 586520, 586523, 586525, 586526,"
0.123,*not asserted*,-,unchecked,"eReferences Phenotype Code Type Code / Concept ID U07.1 condition OMOP Concept 37311061 Positive SARS-CoV-2 lab OMOP Measurement 586520, 586523, 586525, 586526,"
-0.123,*not asserted*,-,unchecked,"eReferences Phenotype Code Type Code / Concept ID U07.1 condition OMOP Concept 37311061 Positive SARS-CoV-2 lab OMOP Measurement 586520, 586523, 586525, 586526,"
-0.119,*not asserted*,-,unchecked,"eReferences Phenotype Code Type Code / Concept ID U07.1 condition OMOP Concept 37311061 Positive SARS-CoV-2 lab OMOP Measurement 586520, 586523, 586525, 586526,"
0.121,*not asserted*,-,unchecked,"eReferences Phenotype Code Type Code / Concept ID U07.1 condition OMOP Concept 37311061 Positive SARS-CoV-2 lab OMOP Measurement 586520, 586523, 586525, 586526,"
0.098,*not asserted*,-,unchecked,"eReferences Phenotype Code Type Code / Concept ID U07.1 condition OMOP Concept 37311061 Positive SARS-CoV-2 lab OMOP Measurement 586520, 586523, 586525, 586526,"
-0.120,*not asserted*,-,unchecked,"eReferences Phenotype Code Type Code / Concept ID U07.1 condition OMOP Concept 37311061 Positive SARS-CoV-2 lab OMOP Measurement 586520, 586523, 586525, 586526,"
0.099,*not asserted*,-,unchecked,"eReferences Phenotype Code Type Code / Concept ID U07.1 condition OMOP Concept 37311061 Positive SARS-CoV-2 lab OMOP Measurement 586520, 586523, 586525, 586526,"
0.118,*not asserted*,-,unchecked,"eReferences Phenotype Code Type Code / Concept ID U07.1 condition OMOP Concept 37311061 Positive SARS-CoV-2 lab OMOP Measurement 586520, 586523, 586525, 586526,"
0.114,*not asserted*,-,unchecked,"eReferences Phenotype Code Type Code / Concept ID U07.1 condition OMOP Concept 37311061 Positive SARS-CoV-2 lab OMOP Measurement 586520, 586523, 586525, 586526,"
0.112,*not asserted*,-,unchecked,"eReferences Phenotype Code Type Code / Concept ID U07.1 condition OMOP Concept 37311061 Positive SARS-CoV-2 lab OMOP Measurement 586520, 586523, 586525, 586526,"
737425,*not asserted*,-,unchecked,"eReferences Phenotype Code Type Code / Concept ID U07.1 condition OMOP Concept 37311061 Positive SARS-CoV-2 lab OMOP Measurement 586520, 586523, 586525, 586526,"
737456,*not asserted*,-,unchecked,"eReferences Phenotype Code Type Code / Concept ID U07.1 condition OMOP Concept 37311061 Positive SARS-CoV-2 lab OMOP Measurement 586520, 586523, 586525, 586526,"
737791,*not asserted*,-,unchecked,"eReferences Phenotype Code Type Code / Concept ID U07.1 condition OMOP Concept 37311061 Positive SARS-CoV-2 lab OMOP Measurement 586520, 586523, 586525, 586526,"
-0.280,*not asserted*,-,unchecked,"eReferences Phenotype Code Type Code / Concept ID U07.1 condition OMOP Concept 37311061 Positive SARS-CoV-2 lab OMOP Measurement 586520, 586523, 586525, 586526,"
49,*not asserted*,-,unchecked,"eReferences Phenotype Code Type Code / Concept ID U07.1 condition OMOP Concept 37311061 Positive SARS-CoV-2 lab OMOP Measurement 586520, 586523, 586525, 586526,"
47,*not asserted*,-,unchecked,"eReferences Phenotype Code Type Code / Concept ID U07.1 condition OMOP Concept 37311061 Positive SARS-CoV-2 lab OMOP Measurement 586520, 586523, 586525, 586526,"
1094,*not asserted*,-,unchecked,"eReferences Phenotype Code Type Code / Concept ID U07.1 condition OMOP Concept 37311061 Positive SARS-CoV-2 lab OMOP Measurement 586520, 586523, 586525, 586526,"
638,*not asserted*,-,unchecked,"eReferences Phenotype Code Type Code / Concept ID U07.1 condition OMOP Concept 37311061 Positive SARS-CoV-2 lab OMOP Measurement 586520, 586523, 586525, 586526,"
1154,*not asserted*,-,unchecked,"eReferences Phenotype Code Type Code / Concept ID U07.1 condition OMOP Concept 37311061 Positive SARS-CoV-2 lab OMOP Measurement 586520, 586523, 586525, 586526,"
729,*not asserted*,-,unchecked,"eReferences Phenotype Code Type Code / Concept ID U07.1 condition OMOP Concept 37311061 Positive SARS-CoV-2 lab OMOP Measurement 586520, 586523, 586525, 586526,"
-0.137,*not asserted*,-,unchecked,"eReferences Phenotype Code Type Code / Concept ID U07.1 condition OMOP Concept 37311061 Positive SARS-CoV-2 lab OMOP Measurement 586520, 586523, 586525, 586526,"
0.017,*not asserted*,-,unchecked,"eReferences Phenotype Code Type Code / Concept ID U07.1 condition OMOP Concept 37311061 Positive SARS-CoV-2 lab OMOP Measurement 586520, 586523, 586525, 586526,"
1095,*not asserted*,-,unchecked,"eReferences Phenotype Code Type Code / Concept ID U07.1 condition OMOP Concept 37311061 Positive SARS-CoV-2 lab OMOP Measurement 586520, 586523, 586525, 586526,"
669,*not asserted*,-,unchecked,"eReferences Phenotype Code Type Code / Concept ID U07.1 condition OMOP Concept 37311061 Positive SARS-CoV-2 lab OMOP Measurement 586520, 586523, 586525, 586526,"
-0.019,*not asserted*,-,unchecked,"eReferences Phenotype Code Type Code / Concept ID U07.1 condition OMOP Concept 37311061 Positive SARS-CoV-2 lab OMOP Measurement 586520, 586523, 586525, 586526,"
139468554214,*not asserted*,-,unchecked,"eReferences Phenotype Code Type Code / Concept ID U07.1 condition OMOP Concept 37311061 Positive SARS-CoV-2 lab OMOP Measurement 586520, 586523, 586525, 586526,"
67581,*not asserted*,-,unchecked,"eReferences Phenotype Code Type Code / Concept ID U07.1 condition OMOP Concept 37311061 Positive SARS-CoV-2 lab OMOP Measurement 586520, 586523, 586525, 586526,"
48.5,*not asserted*,-,unchecked,"eReferences Phenotype Code Type Code / Concept ID U07.1 condition OMOP Concept 37311061 Positive SARS-CoV-2 lab OMOP Measurement 586520, 586523, 586525, 586526,"
271840,*not asserted*,-,unchecked,"eReferences Phenotype Code Type Code / Concept ID U07.1 condition OMOP Concept 37311061 Positive SARS-CoV-2 lab OMOP Measurement 586520, 586523, 586525, 586526,"
49.0,*not asserted*,-,unchecked,"eReferences Phenotype Code Type Code / Concept ID U07.1 condition OMOP Concept 37311061 Positive SARS-CoV-2 lab OMOP Measurement 586520, 586523, 586525, 586526,"
17976,*not asserted*,-,unchecked,"eReferences Phenotype Code Type Code / Concept ID U07.1 condition OMOP Concept 37311061 Positive SARS-CoV-2 lab OMOP Measurement 586520, 586523, 586525, 586526,"
12.9,*not asserted*,-,unchecked,"eReferences Phenotype Code Type Code / Concept ID U07.1 condition OMOP Concept 37311061 Positive SARS-CoV-2 lab OMOP Measurement 586520, 586523, 586525, 586526,"
67273,*not asserted*,-,unchecked,"eReferences Phenotype Code Type Code / Concept ID U07.1 condition OMOP Concept 37311061 Positive SARS-CoV-2 lab OMOP Measurement 586520, 586523, 586525, 586526,"
12.1,*not asserted*,-,unchecked,"eReferences Phenotype Code Type Code / Concept ID U07.1 condition OMOP Concept 37311061 Positive SARS-CoV-2 lab OMOP Measurement 586520, 586523, 586525, 586526,"
13856,*not asserted*,-,unchecked,"eReferences Phenotype Code Type Code / Concept ID U07.1 condition OMOP Concept 37311061 Positive SARS-CoV-2 lab OMOP Measurement 586520, 586523, 586525, 586526,"
9.9,*not asserted*,-,unchecked,"eReferences Phenotype Code Type Code / Concept ID U07.1 condition OMOP Concept 37311061 Positive SARS-CoV-2 lab OMOP Measurement 586520, 586523, 586525, 586526,"
58998,*not asserted*,-,unchecked,"eReferences Phenotype Code Type Code / Concept ID U07.1 condition OMOP Concept 37311061 Positive SARS-CoV-2 lab OMOP Measurement 586520, 586523, 586525, 586526,"
10.6,*not asserted*,-,unchecked,"eReferences Phenotype Code Type Code / Concept ID U07.1 condition OMOP Concept 37311061 Positive SARS-CoV-2 lab OMOP Measurement 586520, 586523, 586525, 586526,"
16552,*not asserted*,-,unchecked,"eReferences Phenotype Code Type Code / Concept ID U07.1 condition OMOP Concept 37311061 Positive SARS-CoV-2 lab OMOP Measurement 586520, 586523, 586525, 586526,"
11.9,*not asserted*,-,unchecked,"eReferences Phenotype Code Type Code / Concept ID U07.1 condition OMOP Concept 37311061 Positive SARS-CoV-2 lab OMOP Measurement 586520, 586523, 586525, 586526,"
63473,*not asserted*,-,unchecked,"eReferences Phenotype Code Type Code / Concept ID U07.1 condition OMOP Concept 37311061 Positive SARS-CoV-2 lab OMOP Measurement 586520, 586523, 586525, 586526,"
666,*not asserted*,-,unchecked,"eReferences Phenotype Code Type Code / Concept ID U07.1 condition OMOP Concept 37311061 Positive SARS-CoV-2 lab OMOP Measurement 586520, 586523, 586525, 586526,"
1560,*not asserted*,-,unchecked,"eReferences Phenotype Code Type Code / Concept ID U07.1 condition OMOP Concept 37311061 Positive SARS-CoV-2 lab OMOP Measurement 586520, 586523, 586525, 586526,"
6660,*not asserted*,-,unchecked,"eReferences Phenotype Code Type Code / Concept ID U07.1 condition OMOP Concept 37311061 Positive SARS-CoV-2 lab OMOP Measurement 586520, 586523, 586525, 586526,"
1.2,*not asserted*,-,unchecked,"eReferences Phenotype Code Type Code / Concept ID U07.1 condition OMOP Concept 37311061 Positive SARS-CoV-2 lab OMOP Measurement 586520, 586523, 586525, 586526,"
3426,*not asserted*,-,unchecked,"eReferences Phenotype Code Type Code / Concept ID U07.1 condition OMOP Concept 37311061 Positive SARS-CoV-2 lab OMOP Measurement 586520, 586523, 586525, 586526,"
11466,*not asserted*,-,unchecked,"eReferences Phenotype Code Type Code / Concept ID U07.1 condition OMOP Concept 37311061 Positive SARS-CoV-2 lab OMOP Measurement 586520, 586523, 586525, 586526,"
0.0,*not asserted*,-,unchecked,"eReferences Phenotype Code Type Code / Concept ID U07.1 condition OMOP Concept 37311061 Positive SARS-CoV-2 lab OMOP Measurement 586520, 586523, 586525, 586526,"
18308,*not asserted*,-,unchecked,"eReferences Phenotype Code Type Code / Concept ID U07.1 condition OMOP Concept 37311061 Positive SARS-CoV-2 lab OMOP Measurement 586520, 586523, 586525, 586526,"
13.1,*not asserted*,-,unchecked,"eReferences Phenotype Code Type Code / Concept ID U07.1 condition OMOP Concept 37311061 Positive SARS-CoV-2 lab OMOP Measurement 586520, 586523, 586525, 586526,"
73814,*not asserted*,-,unchecked,"eReferences Phenotype Code Type Code / Concept ID U07.1 condition OMOP Concept 37311061 Positive SARS-CoV-2 lab OMOP Measurement 586520, 586523, 586525, 586526,"
13.3,*not asserted*,-,unchecked,"eReferences Phenotype Code Type Code / Concept ID U07.1 condition OMOP Concept 37311061 Positive SARS-CoV-2 lab OMOP Measurement 586520, 586523, 586525, 586526,"
73443,*not asserted*,-,unchecked,"eReferences Phenotype Code Type Code / Concept ID U07.1 condition OMOP Concept 37311061 Positive SARS-CoV-2 lab OMOP Measurement 586520, 586523, 586525, 586526,"
52.7,*not asserted*,-,unchecked,"eReferences Phenotype Code Type Code / Concept ID U07.1 condition OMOP Concept 37311061 Positive SARS-CoV-2 lab OMOP Measurement 586520, 586523, 586525, 586526,"
287846,*not asserted*,-,unchecked,"eReferences Phenotype Code Type Code / Concept ID U07.1 condition OMOP Concept 37311061 Positive SARS-CoV-2 lab OMOP Measurement 586520, 586523, 586525, 586526,"
51.9,*not asserted*,-,unchecked,"eReferences Phenotype Code Type Code / Concept ID U07.1 condition OMOP Concept 37311061 Positive SARS-CoV-2 lab OMOP Measurement 586520, 586523, 586525, 586526,"
28439,*not asserted*,-,unchecked,"eReferences Phenotype Code Type Code / Concept ID U07.1 condition OMOP Concept 37311061 Positive SARS-CoV-2 lab OMOP Measurement 586520, 586523, 586525, 586526,"
20.4,*not asserted*,-,unchecked,"eReferences Phenotype Code Type Code / Concept ID U07.1 condition OMOP Concept 37311061 Positive SARS-CoV-2 lab OMOP Measurement 586520, 586523, 586525, 586526,"
106578,*not asserted*,-,unchecked,"eReferences Phenotype Code Type Code / Concept ID U07.1 condition OMOP Concept 37311061 Positive SARS-CoV-2 lab OMOP Measurement 586520, 586523, 586525, 586526,"
18113,*not asserted*,-,unchecked,"eReferences Phenotype Code Type Code / Concept ID U07.1 condition OMOP Concept 37311061 Positive SARS-CoV-2 lab OMOP Measurement 586520, 586523, 586525, 586526,"
67971,*not asserted*,-,unchecked,"eReferences Phenotype Code Type Code / Concept ID U07.1 condition OMOP Concept 37311061 Positive SARS-CoV-2 lab OMOP Measurement 586520, 586523, 586525, 586526,"
12.3,*not asserted*,-,unchecked,"eReferences Phenotype Code Type Code / Concept ID U07.1 condition OMOP Concept 37311061 Positive SARS-CoV-2 lab OMOP Measurement 586520, 586523, 586525, 586526,"
19144,*not asserted*,-,unchecked,"eReferences Phenotype Code Type Code / Concept ID U07.1 condition OMOP Concept 37311061 Positive SARS-CoV-2 lab OMOP Measurement 586520, 586523, 586525, 586526,"
90768,*not asserted*,-,unchecked,"eReferences Phenotype Code Type Code / Concept ID U07.1 condition OMOP Concept 37311061 Positive SARS-CoV-2 lab OMOP Measurement 586520, 586523, 586525, 586526,"
16.4,*not asserted*,-,unchecked,"eReferences Phenotype Code Type Code / Concept ID U07.1 condition OMOP Concept 37311061 Positive SARS-CoV-2 lab OMOP Measurement 586520, 586523, 586525, 586526,"
329,*not asserted*,-,unchecked,"eReferences Phenotype Code Type Code / Concept ID U07.1 condition OMOP Concept 37311061 Positive SARS-CoV-2 lab OMOP Measurement 586520, 586523, 586525, 586526,"
1051,*not asserted*,-,unchecked,"eReferences Phenotype Code Type Code / Concept ID U07.1 condition OMOP Concept 37311061 Positive SARS-CoV-2 lab OMOP Measurement 586520, 586523, 586525, 586526,"
54,*not asserted*,-,unchecked,"eReferences Phenotype Code Type Code / Concept ID U07.1 condition OMOP Concept 37311061 Positive SARS-CoV-2 lab OMOP Measurement 586520, 586523, 586525, 586526,"
1.73,*not asserted*,-,unchecked,"eReferences Phenotype Code Type Code / Concept ID U07.1 condition OMOP Concept 37311061 Positive SARS-CoV-2 lab OMOP Measurement 586520, 586523, 586525, 586526,"
0.81,*not asserted*,-,unchecked,"eReferences Phenotype Code Type Code / Concept ID U07.1 condition OMOP Concept 37311061 Positive SARS-CoV-2 lab OMOP Measurement 586520, 586523, 586525, 586526,"
1.47,*not asserted*,-,unchecked,"eReferences Phenotype Code Type Code / Concept ID U07.1 condition OMOP Concept 37311061 Positive SARS-CoV-2 lab OMOP Measurement 586520, 586523, 586525, 586526,"
1.05,*not asserted*,-,unchecked,"eReferences Phenotype Code Type Code / Concept ID U07.1 condition OMOP Concept 37311061 Positive SARS-CoV-2 lab OMOP Measurement 586520, 586523, 586525, 586526,"
0.87,*not asserted*,-,unchecked,"eReferences Phenotype Code Type Code / Concept ID U07.1 condition OMOP Concept 37311061 Positive SARS-CoV-2 lab OMOP Measurement 586520, 586523, 586525, 586526,"
0.91,*not asserted*,-,unchecked,"eReferences Phenotype Code Type Code / Concept ID U07.1 condition OMOP Concept 37311061 Positive SARS-CoV-2 lab OMOP Measurement 586520, 586523, 586525, 586526,"
0.82,*not asserted*,-,unchecked,"eReferences Phenotype Code Type Code / Concept ID U07.1 condition OMOP Concept 37311061 Positive SARS-CoV-2 lab OMOP Measurement 586520, 586523, 586525, 586526,"
0.73,*not asserted*,-,unchecked,"eReferences Phenotype Code Type Code / Concept ID U07.1 condition OMOP Concept 37311061 Positive SARS-CoV-2 lab OMOP Measurement 586520, 586523, 586525, 586526,"
1.50,*not asserted*,-,unchecked,0.96 (0.86-1.06) 1.46 (1.42-1.50)* No Hemiplegia/paraplegia 1.02 (0.86-1.21) 1.71 (1.59-1.83)* Yes Renal mild/mod 1.05 (0.94-1.18) 1.29 (1.25-1.34)* Yes Renal s
1.83,*not asserted*,-,unchecked,0.96 (0.86-1.06) 1.46 (1.42-1.50)* No Hemiplegia/paraplegia 1.02 (0.86-1.21) 1.71 (1.59-1.83)* Yes Renal mild/mod 1.05 (0.94-1.18) 1.29 (1.25-1.34)* Yes Renal s
2.45,*not asserted*,-,unchecked,0.96 (0.86-1.06) 1.46 (1.42-1.50)* No Hemiplegia/paraplegia 1.02 (0.86-1.21) 1.71 (1.59-1.83)* Yes Renal mild/mod 1.05 (0.94-1.18) 1.29 (1.25-1.34)* Yes Renal s
2.31,*not asserted*,-,unchecked,0.96 (0.86-1.06) 1.46 (1.42-1.50)* No Hemiplegia/paraplegia 1.02 (0.86-1.21) 1.71 (1.59-1.83)* Yes Renal mild/mod 1.05 (0.94-1.18) 1.29 (1.25-1.34)* Yes Renal s
2.59,*not asserted*,-,unchecked,0.96 (0.86-1.06) 1.46 (1.42-1.50)* No Hemiplegia/paraplegia 1.02 (0.86-1.21) 1.71 (1.59-1.83)* Yes Renal mild/mod 1.05 (0.94-1.18) 1.29 (1.25-1.34)* Yes Renal s
0.67,*not asserted*,-,unchecked,0.96 (0.86-1.06) 1.46 (1.42-1.50)* No Hemiplegia/paraplegia 1.02 (0.86-1.21) 1.71 (1.59-1.83)* Yes Renal mild/mod 1.05 (0.94-1.18) 1.29 (1.25-1.34)* Yes Renal s
9691465670,*not asserted*,-,unchecked,0.96 (0.86-1.06) 1.46 (1.42-1.50)* No Hemiplegia/paraplegia 1.02 (0.86-1.21) 1.71 (1.59-1.83)* Yes Renal mild/mod 1.05 (0.94-1.18) 1.29 (1.25-1.34)* Yes Renal s
15856554214,*not asserted*,-,unchecked,0.96 (0.86-1.06) 1.46 (1.42-1.50)* No Hemiplegia/paraplegia 1.02 (0.86-1.21) 1.71 (1.59-1.83)* Yes Renal mild/mod 1.05 (0.94-1.18) 1.29 (1.25-1.34)* Yes Renal s
0.60,*not asserted*,-,unchecked,0.96 (0.86-1.06) 1.46 (1.42-1.50)* No Hemiplegia/paraplegia 1.02 (0.86-1.21) 1.71 (1.59-1.83)* Yes Renal mild/mod 1.05 (0.94-1.18) 1.29 (1.25-1.34)* Yes Renal s
0.41,*not asserted*,-,unchecked,0.96 (0.86-1.06) 1.46 (1.42-1.50)* No Hemiplegia/paraplegia 1.02 (0.86-1.21) 1.71 (1.59-1.83)* Yes Renal mild/mod 1.05 (0.94-1.18) 1.29 (1.25-1.34)* Yes Renal s
2.51,*not asserted*,-,unchecked,0.96 (0.86-1.06) 1.46 (1.42-1.50)* No Hemiplegia/paraplegia 1.02 (0.86-1.21) 1.71 (1.59-1.83)* Yes Renal mild/mod 1.05 (0.94-1.18) 1.29 (1.25-1.34)* Yes Renal s
0.56,*not asserted*,-,unchecked,0.96 (0.86-1.06) 1.46 (1.42-1.50)* No Hemiplegia/paraplegia 1.02 (0.86-1.21) 1.71 (1.59-1.83)* Yes Renal mild/mod 1.05 (0.94-1.18) 1.29 (1.25-1.34)* Yes Renal s
1.80,*not asserted*,-,unchecked,0.96 (0.86-1.06) 1.46 (1.42-1.50)* No Hemiplegia/paraplegia 1.02 (0.86-1.21) 1.71 (1.59-1.83)* Yes Renal mild/mod 1.05 (0.94-1.18) 1.29 (1.25-1.34)* Yes Renal s
1.99,*not asserted*,-,unchecked,0.96 (0.86-1.06) 1.46 (1.42-1.50)* No Hemiplegia/paraplegia 1.02 (0.86-1.21) 1.71 (1.59-1.83)* Yes Renal mild/mod 1.05 (0.94-1.18) 1.29 (1.25-1.34)* Yes Renal s
0.88,*not asserted*,-,unchecked,1.46 1.42-1.50 1.43-1.50 0.88 Hemiplegia 1.71 1.59-1.83 1.59-1.83 1.00 Renal mild/mod 1.29 1.25-1.34 1.25-1.33 0.89 Renal severe 2.45 2.31-2.59 2.31-2.59 1.00 H
0.77,*not asserted*,-,unchecked,1.46 1.42-1.50 1.43-1.50 0.88 Hemiplegia 1.71 1.59-1.83 1.59-1.83 1.00 Renal mild/mod 1.29 1.25-1.34 1.25-1.33 0.89 Renal severe 2.45 2.31-2.59 2.31-2.59 1.00 H
2.08,*not asserted*,-,unchecked,1.46 1.42-1.50 1.43-1.50 0.88 Hemiplegia 1.71 1.59-1.83 1.59-1.83 1.00 Renal mild/mod 1.29 1.25-1.34 1.25-1.33 0.89 Renal severe 2.45 2.31-2.59 2.31-2.59 1.00 H
1.89,*not asserted*,-,unchecked,1.46 1.42-1.50 1.43-1.50 0.88 Hemiplegia 1.71 1.59-1.83 1.59-1.83 1.00 Renal mild/mod 1.29 1.25-1.34 1.25-1.33 0.89 Renal severe 2.45 2.31-2.59 2.31-2.59 1.00 H
2.29,*not asserted*,-,unchecked,1.46 1.42-1.50 1.43-1.50 0.88 Hemiplegia 1.71 1.59-1.83 1.59-1.83 1.00 Renal mild/mod 1.29 1.25-1.34 1.25-1.33 0.89 Renal severe 2.45 2.31-2.59 2.31-2.59 1.00 H
11.7,*not asserted*,-,unchecked,1.46 1.42-1.50 1.43-1.50 0.88 Hemiplegia 1.71 1.59-1.83 1.59-1.83 1.00 Renal mild/mod 1.29 1.25-1.34 1.25-1.33 0.89 Renal severe 2.45 2.31-2.59 2.31-2.59 1.00 H
2.15,*not asserted*,-,unchecked,1.46 1.42-1.50 1.43-1.50 0.88 Hemiplegia 1.71 1.59-1.83 1.59-1.83 1.00 Renal mild/mod 1.29 1.25-1.34 1.25-1.33 0.89 Renal severe 2.45 2.31-2.59 2.31-2.59 1.00 H
1.96,*not asserted*,-,unchecked,1.46 1.42-1.50 1.43-1.50 0.88 Hemiplegia 1.71 1.59-1.83 1.59-1.83 1.00 Renal mild/mod 1.29 1.25-1.34 1.25-1.33 0.89 Renal severe 2.45 2.31-2.59 2.31-2.59 1.00 H
2.36,*not asserted*,-,unchecked,1.46 1.42-1.50 1.43-1.50 0.88 Hemiplegia 1.71 1.59-1.83 1.59-1.83 1.00 Renal mild/mod 1.29 1.25-1.34 1.25-1.33 0.89 Renal severe 2.45 2.31-2.59 2.31-2.59 1.00 H
2.14,*not asserted*,-,unchecked,1.46 1.42-1.50 1.43-1.50 0.88 Hemiplegia 1.71 1.59-1.83 1.59-1.83 1.00 Renal mild/mod 1.29 1.25-1.34 1.25-1.33 0.89 Renal severe 2.45 2.31-2.59 2.31-2.59 1.00 H
1.95,*not asserted*,-,unchecked,1.46 1.42-1.50 1.43-1.50 0.88 Hemiplegia 1.71 1.59-1.83 1.59-1.83 1.00 Renal mild/mod 1.29 1.25-1.34 1.25-1.33 0.89 Renal severe 2.45 2.31-2.59 2.31-2.59 1.00 H
2.19,*not asserted*,-,unchecked,1.46 1.42-1.50 1.43-1.50 0.88 Hemiplegia 1.71 1.59-1.83 1.59-1.83 1.00 Renal mild/mod 1.29 1.25-1.34 1.25-1.33 0.89 Renal severe 2.45 2.31-2.59 2.31-2.59 1.00 H
2.41,*not asserted*,-,unchecked,1.46 1.42-1.50 1.43-1.50 0.88 Hemiplegia 1.71 1.59-1.83 1.59-1.83 1.00 Renal mild/mod 1.29 1.25-1.34 1.25-1.33 0.89 Renal severe 2.45 2.31-2.59 2.31-2.59 1.00 H
5.6,*not asserted*,-,unchecked,1.46 1.42-1.50 1.43-1.50 0.88 Hemiplegia 1.71 1.59-1.83 1.59-1.83 1.00 Renal mild/mod 1.29 1.25-1.34 1.25-1.33 0.89 Renal severe 2.45 2.31-2.59 2.31-2.59 1.00 H
2.23,*not asserted*,-,unchecked,1.46 1.42-1.50 1.43-1.50 0.88 Hemiplegia 1.71 1.59-1.83 1.59-1.83 1.00 Renal mild/mod 1.29 1.25-1.34 1.25-1.33 0.89 Renal severe 2.45 2.31-2.59 2.31-2.59 1.00 H
3.3,*not asserted*,-,unchecked,1.46 1.42-1.50 1.43-1.50 0.88 Hemiplegia 1.71 1.59-1.83 1.59-1.83 1.00 Renal mild/mod 1.29 1.25-1.34 1.25-1.33 0.89 Renal severe 2.45 2.31-2.59 2.31-2.59 1.00 H
-0.1,*not asserted*,-,unchecked,1.46 1.42-1.50 1.43-1.50 0.88 Hemiplegia 1.71 1.59-1.83 1.59-1.83 1.00 Renal mild/mod 1.29 1.25-1.34 1.25-1.33 0.89 Renal severe 2.45 2.31-2.59 2.31-2.59 1.00 H
3.13,*not asserted*,-,unchecked,1.46 1.42-1.50 1.43-1.50 0.88 Hemiplegia 1.71 1.59-1.83 1.59-1.83 1.00 Renal mild/mod 1.29 1.25-1.34 1.25-1.33 0.89 Renal severe 2.45 2.31-2.59 2.31-2.59 1.00 H
644301,*not asserted*,-,unchecked,1.46 1.42-1.50 1.43-1.50 0.88 Hemiplegia 1.71 1.59-1.83 1.59-1.83 1.00 Renal mild/mod 1.29 1.25-1.34 1.25-1.33 0.89 Renal severe 2.45 2.31-2.59 2.31-2.59 1.00 H
3.89,*not asserted*,-,unchecked,1.46 1.42-1.50 1.43-1.50 0.88 Hemiplegia 1.71 1.59-1.83 1.59-1.83 1.00 Renal mild/mod 1.29 1.25-1.34 1.25-1.33 0.89 Renal severe 2.45 2.31-2.59 2.31-2.59 1.00 H
2.05,*not asserted*,-,unchecked,1.46 1.42-1.50 1.43-1.50 0.88 Hemiplegia 1.71 1.59-1.83 1.59-1.83 1.00 Renal mild/mod 1.29 1.25-1.34 1.25-1.33 0.89 Renal severe 2.45 2.31-2.59 2.31-2.59 1.00 H
1.90,*not asserted*,-,unchecked,1.46 1.42-1.50 1.43-1.50 0.88 Hemiplegia 1.71 1.59-1.83 1.59-1.83 1.00 Renal mild/mod 1.29 1.25-1.34 1.25-1.33 0.89 Renal severe 2.45 2.31-2.59 2.31-2.59 1.00 H
4.12,*not asserted*,-,unchecked,1.46 1.42-1.50 1.43-1.50 0.88 Hemiplegia 1.71 1.59-1.83 1.59-1.83 1.00 Renal mild/mod 1.29 1.25-1.34 1.25-1.33 0.89 Renal severe 2.45 2.31-2.59 2.31-2.59 1.00 H
0.04,*not asserted*,-,unchecked,1.46 1.42-1.50 1.43-1.50 0.88 Hemiplegia 1.71 1.59-1.83 1.59-1.83 1.00 Renal mild/mod 1.29 1.25-1.34 1.25-1.33 0.89 Renal severe 2.45 2.31-2.59 2.31-2.59 1.00 H
0.02,*not asserted*,-,unchecked,1.46 1.42-1.50 1.43-1.50 0.88 Hemiplegia 1.71 1.59-1.83 1.59-1.83 1.00 Renal mild/mod 1.29 1.25-1.34 1.25-1.33 0.89 Renal severe 2.45 2.31-2.59 2.31-2.59 1.00 H
0.16,*not asserted*,-,unchecked,1.46 1.42-1.50 1.43-1.50 0.88 Hemiplegia 1.71 1.59-1.83 1.59-1.83 1.00 Renal mild/mod 1.29 1.25-1.34 1.25-1.33 0.89 Renal severe 2.45 2.31-2.59 2.31-2.59 1.00 H
2.26,*not asserted*,-,unchecked,1.46 1.42-1.50 1.43-1.50 0.88 Hemiplegia 1.71 1.59-1.83 1.59-1.83 1.00 Renal mild/mod 1.29 1.25-1.34 1.25-1.33 0.89 Renal severe 2.45 2.31-2.59 2.31-2.59 1.00 H
3.97,*not asserted*,-,unchecked,1.46 1.42-1.50 1.43-1.50 0.88 Hemiplegia 1.71 1.59-1.83 1.59-1.83 1.00 Renal mild/mod 1.29 1.25-1.34 1.25-1.33 0.89 Renal severe 2.45 2.31-2.59 2.31-2.59 1.00 H
3.05,*not asserted*,-,unchecked,1.46 1.42-1.50 1.43-1.50 0.88 Hemiplegia 1.71 1.59-1.83 1.59-1.83 1.00 Renal mild/mod 1.29 1.25-1.34 1.25-1.33 0.89 Renal severe 2.45 2.31-2.59 2.31-2.59 1.00 H
0.24,*not asserted*,-,unchecked,1.46 1.42-1.50 1.43-1.50 0.88 Hemiplegia 1.71 1.59-1.83 1.59-1.83 1.00 Renal mild/mod 1.29 1.25-1.34 1.25-1.33 0.89 Renal severe 2.45 2.31-2.59 2.31-2.59 1.00 H
0.55,*not asserted*,-,unchecked,1.46 1.42-1.50 1.43-1.50 0.88 Hemiplegia 1.71 1.59-1.83 1.59-1.83 1.00 Renal mild/mod 1.29 1.25-1.34 1.25-1.33 0.89 Renal severe 2.45 2.31-2.59 2.31-2.59 1.00 H
0.52,*not asserted*,-,unchecked,1.46 1.42-1.50 1.43-1.50 0.88 Hemiplegia 1.71 1.59-1.83 1.59-1.83 1.00 Renal mild/mod 1.29 1.25-1.34 1.25-1.33 0.89 Renal severe 2.45 2.31-2.59 2.31-2.59 1.00 H
4.36,*not asserted*,-,unchecked,1.46 1.42-1.50 1.43-1.50 0.88 Hemiplegia 1.71 1.59-1.83 1.59-1.83 1.00 Renal mild/mod 1.29 1.25-1.34 1.25-1.33 0.89 Renal severe 2.45 2.31-2.59 2.31-2.59 1.00 H
0.46,*not asserted*,-,unchecked,1.46 1.42-1.50 1.43-1.50 0.88 Hemiplegia 1.71 1.59-1.83 1.59-1.83 1.00 Renal mild/mod 1.29 1.25-1.34 1.25-1.33 0.89 Renal severe 2.45 2.31-2.59 2.31-2.59 1.00 H
0.14,*not asserted*,-,unchecked,1.46 1.42-1.50 1.43-1.50 0.88 Hemiplegia 1.71 1.59-1.83 1.59-1.83 1.00 Renal mild/mod 1.29 1.25-1.34 1.25-1.33 0.89 Renal severe 2.45 2.31-2.59 2.31-2.59 1.00 H
1.92,*not asserted*,-,unchecked,1.46 1.42-1.50 1.43-1.50 0.88 Hemiplegia 1.71 1.59-1.83 1.59-1.83 1.00 Renal mild/mod 1.29 1.25-1.34 1.25-1.33 0.89 Renal severe 2.45 2.31-2.59 2.31-2.59 1.00 H
0.32,*not asserted*,-,unchecked,1.46 1.42-1.50 1.43-1.50 0.88 Hemiplegia 1.71 1.59-1.83 1.59-1.83 1.00 Renal mild/mod 1.29 1.25-1.34 1.25-1.33 0.89 Renal severe 2.45 2.31-2.59 2.31-2.59 1.00 H
1.62,*not asserted*,-,unchecked,1.46 1.42-1.50 1.43-1.50 0.88 Hemiplegia 1.71 1.59-1.83 1.59-1.83 1.00 Renal mild/mod 1.29 1.25-1.34 1.25-1.33 0.89 Renal severe 2.45 2.31-2.59 2.31-2.59 1.00 H
0.09,*not asserted*,-,unchecked,1.46 1.42-1.50 1.43-1.50 0.88 Hemiplegia 1.71 1.59-1.83 1.59-1.83 1.00 Renal mild/mod 1.29 1.25-1.34 1.25-1.33 0.89 Renal severe 2.45 2.31-2.59 2.31-2.59 1.00 H
1.94,*not asserted*,-,unchecked,1.46 1.42-1.50 1.43-1.50 0.88 Hemiplegia 1.71 1.59-1.83 1.59-1.83 1.00 Renal mild/mod 1.29 1.25-1.34 1.25-1.33 0.89 Renal severe 2.45 2.31-2.59 2.31-2.59 1.00 H
0.009,*not asserted*,-,unchecked,1.46 1.42-1.50 1.43-1.50 0.88 Hemiplegia 1.71 1.59-1.83 1.59-1.83 1.00 Renal mild/mod 1.29 1.25-1.34 1.25-1.33 0.89 Renal severe 2.45 2.31-2.59 2.31-2.59 1.00 H
0.28,*not asserted*,-,unchecked,1.46 1.42-1.50 1.43-1.50 0.88 Hemiplegia 1.71 1.59-1.83 1.59-1.83 1.00 Renal mild/mod 1.29 1.25-1.34 1.25-1.33 0.89 Renal severe 2.45 2.31-2.59 2.31-2.59 1.00 H
0.44,*not asserted*,-,unchecked,1.46 1.42-1.50 1.43-1.50 0.88 Hemiplegia 1.71 1.59-1.83 1.59-1.83 1.00 Renal mild/mod 1.29 1.25-1.34 1.25-1.33 0.89 Renal severe 2.45 2.31-2.59 2.31-2.59 1.00 H
0.13,*not asserted*,-,unchecked,1.46 1.42-1.50 1.43-1.50 0.88 Hemiplegia 1.71 1.59-1.83 1.59-1.83 1.00 Renal mild/mod 1.29 1.25-1.34 1.25-1.33 0.89 Renal severe 2.45 2.31-2.59 2.31-2.59 1.00 H
0.003,*not asserted*,-,unchecked,1.46 1.42-1.50 1.43-1.50 0.88 Hemiplegia 1.71 1.59-1.83 1.59-1.83 1.00 Renal mild/mod 1.29 1.25-1.34 1.25-1.33 0.89 Renal severe 2.45 2.31-2.59 2.31-2.59 1.00 H
0.004,*not asserted*,-,unchecked,1.46 1.42-1.50 1.43-1.50 0.88 Hemiplegia 1.71 1.59-1.83 1.59-1.83 1.00 Renal mild/mod 1.29 1.25-1.34 1.25-1.33 0.89 Renal severe 2.45 2.31-2.59 2.31-2.59 1.00 H
0.008,*not asserted*,-,unchecked,"In MarketScan, the SMD was reduced from 0.613 to -0.008 (99% reduction)."
1.54,*not asserted*,-,unchecked,1.46 1.42-1.50 1.43-1.50 0.88 Hemiplegia 1.71 1.59-1.83 1.59-1.83 1.00 Renal mild/mod 1.29 1.25-1.34 1.25-1.33 0.89 Renal severe 2.45 2.31-2.59 2.31-2.59 1.00 H
0.002,*not asserted*,-,unchecked,1.46 1.42-1.50 1.43-1.50 0.88 Hemiplegia 1.71 1.59-1.83 1.59-1.83 1.00 Renal mild/mod 1.29 1.25-1.34 1.25-1.33 0.89 Renal severe 2.45 2.31-2.59 2.31-2.59 1.00 H
0.11,*not asserted*,-,unchecked,1.46 1.42-1.50 1.43-1.50 0.88 Hemiplegia 1.71 1.59-1.83 1.59-1.83 1.00 Renal mild/mod 1.29 1.25-1.34 1.25-1.33 0.89 Renal severe 2.45 2.31-2.59 2.31-2.59 1.00 H
0.005,*not asserted*,-,unchecked,1.46 1.42-1.50 1.43-1.50 0.88 Hemiplegia 1.71 1.59-1.83 1.59-1.83 1.00 Renal mild/mod 1.29 1.25-1.34 1.25-1.33 0.89 Renal severe 2.45 2.31-2.59 2.31-2.59 1.00 H
1.14,*not asserted*,-,unchecked,1.46 1.42-1.50 1.43-1.50 0.88 Hemiplegia 1.71 1.59-1.83 1.59-1.83 1.00 Renal mild/mod 1.29 1.25-1.34 1.25-1.33 0.89 Renal severe 2.45 2.31-2.59 2.31-2.59 1.00 H
