variable,AOR,CI_lower,CI_upper,p_value,model,cohort,phenotype
AIDS,0.7608798657777638,0.5671219976277225,1.0208353274387036,0.0683823718331133,base,aou_v7,Two-step (HIV+OI)
HIV,0.9640331110508273,0.675485133658646,1.375840552061632,0.8400402425065583,base_no_aids,aou_v7,HIV alone
